-- phpMyAdmin SQL Dump
-- version 5.2.1
-- https://www.phpmyadmin.net/
--
-- Host: 127.0.0.1
-- Generation Time: Feb 01, 2026 at 07:48 PM
-- Server version: 10.4.32-MariaDB
-- PHP Version: 8.2.12

SET SQL_MODE = "NO_AUTO_VALUE_ON_ZERO";
START TRANSACTION;
SET time_zone = "+00:00";


/*!40101 SET @OLD_CHARACTER_SET_CLIENT=@@CHARACTER_SET_CLIENT */;
/*!40101 SET @OLD_CHARACTER_SET_RESULTS=@@CHARACTER_SET_RESULTS */;
/*!40101 SET @OLD_COLLATION_CONNECTION=@@COLLATION_CONNECTION */;
/*!40101 SET NAMES utf8mb4 */;

--
-- Database: `asimos`
--

-- --------------------------------------------------------

--
-- Table structure for table `assessments`
--

CREATE TABLE `assessments` (
  `id` int(25) NOT NULL,
  `date` varchar(25) NOT NULL,
  `test` varchar(25) NOT NULL,
  `subjectName` varchar(25) NOT NULL,
  `marks` varchar(25) NOT NULL,
  `Result` varchar(25) NOT NULL
) ENGINE=InnoDB DEFAULT CHARSET=utf8mb4 COLLATE=utf8mb4_general_ci;

--
-- Dumping data for table `assessments`
--

INSERT INTO `assessments` (`id`, `date`, `test`, `subjectName`, `marks`, `Result`) VALUES
(2017115611, '29-06-2024', 'unit-1', 'English', '35/50', 'PASS'),
(2017115611, '29-07-2024', 'unit-1', 'English', '50/50', 'PASS'),
(2017115611, '01-01-2017', 'unit-2', 'Tamil', '0/50', 'FAIL'),
(2017115611, '29-06-2024', 'unit-1', 'English', '12/50', 'FAIL'),
(2017115611, '29-06-2024', 'unit-3', 'Science', '42/50', 'SUCCESS'),
(11001, '2025-12-28', 'Unit Test', 'English', '0/50', 'PENDING'),
(11002, '2025-12-28', 'Unit Test', 'English', '0/50', 'PENDING'),
(11003, '2025-12-28', 'Unit Test', 'English', '0/50', 'PENDING'),
(11004, '2025-12-28', 'Unit Test', 'English', '0/50', 'PENDING'),
(11005, '2025-12-28', 'Unit Test', 'English', '0/50', 'PENDING'),
(11006, '2025-12-28', 'Unit Test', 'English', '0/50', 'PENDING'),
(11007, '2025-12-28', 'Unit Test', 'English', '0/50', 'PENDING'),
(11008, '2025-12-28', 'Unit Test', 'English', '0/50', 'PENDING'),
(11009, '2025-12-28', 'Unit Test', 'English', '0/50', 'PENDING'),
(11010, '2025-12-28', 'Unit Test', 'English', '0/50', 'PENDING'),
(12001, '2025-12-28', 'Unit Test', 'English', '0/50', 'PENDING'),
(12002, '2025-12-28', 'Unit Test', 'English', '0/50', 'PENDING'),
(12003, '2025-12-28', 'Unit Test', 'English', '0/50', 'PENDING'),
(12004, '2025-12-28', 'Unit Test', 'English', '0/50', 'PENDING'),
(12005, '2025-12-28', 'Unit Test', 'English', '0/50', 'PENDING'),
(12006, '2025-12-28', 'Unit Test', 'English', '0/50', 'PENDING'),
(12007, '2025-12-28', 'Unit Test', 'English', '0/50', 'PENDING'),
(12008, '2025-12-28', 'Unit Test', 'English', '0/50', 'PENDING'),
(12009, '2025-12-28', 'Unit Test', 'English', '0/50', 'PENDING'),
(12010, '2025-12-28', 'Unit Test', 'English', '0/50', 'PENDING'),
(12011, '2025-12-28', 'Unit Test', 'English', '0/50', 'PENDING'),
(12012, '2025-12-28', 'Unit Test', 'English', '0/50', 'PENDING'),
(12013, '2025-12-28', 'Unit Test', 'English', '0/50', 'PENDING'),
(12014, '2025-12-28', 'Unit Test', 'English', '0/50', 'PENDING'),
(12015, '2025-12-28', 'Unit Test', 'English', '0/50', 'PENDING'),
(12016, '2025-12-28', 'Unit Test', 'English', '0/50', 'PENDING'),
(12017, '2025-12-28', 'Unit Test', 'English', '0/50', 'PENDING'),
(12018, '2025-12-28', 'Unit Test', 'English', '0/50', 'PENDING'),
(12019, '2025-12-28', 'Unit Test', 'English', '0/50', 'PENDING'),
(12020, '2025-12-28', 'Unit Test', 'English', '0/50', 'PENDING'),
(12021, '2025-12-28', 'Unit Test', 'English', '0/50', 'PENDING'),
(12022, '2025-12-28', 'Unit Test', 'English', '0/50', 'PENDING'),
(12023, '2025-12-28', 'Unit Test', 'English', '0/50', 'PENDING'),
(12024, '2025-12-28', 'Unit Test', 'English', '0/50', 'PENDING'),
(12025, '2025-12-28', 'Unit Test', 'English', '0/50', 'PENDING'),
(12026, '2025-12-28', 'Unit Test', 'English', '0/50', 'PENDING'),
(12027, '2025-12-28', 'Unit Test', 'English', '0/50', 'PENDING'),
(12028, '2025-12-28', 'Unit Test', 'English', '0/50', 'PENDING'),
(12029, '2025-12-28', 'Unit Test', 'English', '0/50', 'PENDING'),
(12030, '2025-12-28', 'Unit Test', 'English', '0/50', 'PENDING'),
(12031, '2025-12-28', 'Unit Test', 'English', '0/50', 'PENDING'),
(12032, '2025-12-28', 'Unit Test', 'English', '0/50', 'PENDING'),
(12033, '2025-12-28', 'Unit Test', 'English', '0/50', 'PENDING'),
(12034, '2025-12-28', 'Unit Test', 'English', '0/50', 'PENDING'),
(12035, '2025-12-28', 'Unit Test', 'English', '0/50', 'PENDING'),
(12036, '2025-12-28', 'Unit Test', 'English', '0/50', 'PENDING'),
(12037, '2025-12-28', 'Unit Test', 'English', '0/50', 'PENDING'),
(12038, '2025-12-28', 'Unit Test', 'English', '0/50', 'PENDING'),
(12039, '2025-12-28', 'Unit Test', 'English', '0/50', 'PENDING'),
(12040, '2025-12-28', 'Unit Test', 'English', '0/50', 'PENDING'),
(12041, '2025-12-28', 'Unit Test', 'English', '0/50', 'PENDING'),
(12042, '2025-12-28', 'Unit Test', 'English', '0/50', 'PENDING'),
(12043, '2025-12-28', 'Unit Test', 'English', '0/50', 'PENDING'),
(12044, '2025-12-28', 'Unit Test', 'English', '0/50', 'PENDING'),
(12045, '2025-12-28', 'Unit Test', 'English', '0/50', 'PENDING'),
(12046, '2025-12-28', 'Unit Test', 'English', '0/50', 'PENDING'),
(12047, '2025-12-28', 'Unit Test', 'English', '0/50', 'PENDING'),
(12048, '2025-12-28', 'Unit Test', 'English', '0/50', 'PENDING'),
(12049, '2025-12-28', 'Unit Test', 'English', '0/50', 'PENDING'),
(12050, '2025-12-28', 'Unit Test', 'English', '0/50', 'PENDING'),
(12051, '2025-12-28', 'Unit Test', 'English', '0/50', 'PENDING'),
(12052, '2025-12-28', 'Unit Test', 'English', '0/50', 'PENDING'),
(12053, '2025-12-28', 'Unit Test', 'English', '0/50', 'PENDING'),
(12054, '2025-12-28', 'Unit Test', 'English', '0/50', 'PENDING'),
(12055, '2025-12-28', 'Unit Test', 'English', '0/50', 'PENDING'),
(12056, '2025-12-28', 'Unit Test', 'English', '0/50', 'PENDING'),
(12057, '2025-12-28', 'Unit Test', 'English', '0/50', 'PENDING'),
(12058, '2025-12-28', 'Unit Test', 'English', '0/50', 'PENDING'),
(12059, '2025-12-28', 'Unit Test', 'English', '0/50', 'PENDING'),
(12060, '2025-12-28', 'Unit Test', 'English', '0/50', 'PENDING'),
(12061, '2025-12-28', 'Unit Test', 'English', '0/50', 'PENDING'),
(12062, '2025-12-28', 'Unit Test', 'English', '0/50', 'PENDING'),
(12063, '2025-12-28', 'Unit Test', 'English', '0/50', 'PENDING'),
(12064, '2025-12-28', 'Unit Test', 'English', '0/50', 'PENDING'),
(12065, '2025-12-28', 'Unit Test', 'English', '0/50', 'PENDING'),
(12066, '2025-12-28', 'Unit Test', 'English', '0/50', 'PENDING'),
(12067, '2025-12-28', 'Unit Test', 'English', '0/50', 'PENDING'),
(12068, '2025-12-28', 'Unit Test', 'English', '0/50', 'PENDING'),
(12069, '2025-12-28', 'Unit Test', 'English', '0/50', 'PENDING'),
(12070, '2025-12-28', 'Unit Test', 'English', '0/50', 'PENDING'),
(12071, '2025-12-28', 'Unit Test', 'English', '0/50', 'PENDING'),
(12072, '2025-12-28', 'Unit Test', 'English', '0/50', 'PENDING'),
(12073, '2025-12-28', 'Unit Test', 'English', '0/50', 'PENDING'),
(12074, '2025-12-28', 'Unit Test', 'English', '0/50', 'PENDING'),
(12075, '2025-12-28', 'Unit Test', 'English', '0/50', 'PENDING'),
(12076, '2025-12-28', 'Unit Test', 'English', '0/50', 'PENDING'),
(12077, '2025-12-28', 'Unit Test', 'English', '0/50', 'PENDING'),
(12078, '2025-12-28', 'Unit Test', 'English', '0/50', 'PENDING'),
(12079, '2025-12-28', 'Unit Test', 'English', '0/50', 'PENDING'),
(12080, '2025-12-28', 'Unit Test', 'English', '0/50', 'PENDING'),
(12081, '2025-12-28', 'Unit Test', 'English', '0/50', 'PENDING'),
(12082, '2025-12-28', 'Unit Test', 'English', '0/50', 'PENDING'),
(12083, '2025-12-28', 'Unit Test', 'English', '0/50', 'PENDING'),
(12084, '2025-12-28', 'Unit Test', 'English', '0/50', 'PENDING'),
(12085, '2025-12-28', 'Unit Test', 'English', '0/50', 'PENDING'),
(12086, '2025-12-28', 'Unit Test', 'English', '0/50', 'PENDING'),
(12087, '2025-12-28', 'Unit Test', 'English', '0/50', 'PENDING'),
(12088, '2025-12-28', 'Unit Test', 'English', '0/50', 'PENDING'),
(12089, '2025-12-28', 'Unit Test', 'English', '0/50', 'PENDING'),
(12090, '2025-12-28', 'Unit Test', 'English', '0/50', 'PENDING'),
(12091, '2025-12-28', 'Unit Test', 'English', '0/50', 'PENDING'),
(12092, '2025-12-28', 'Unit Test', 'English', '0/50', 'PENDING'),
(12093, '2025-12-28', 'Unit Test', 'English', '0/50', 'PENDING'),
(12094, '2025-12-28', 'Unit Test', 'English', '0/50', 'PENDING'),
(12095, '2025-12-28', 'Unit Test', 'English', '0/50', 'PENDING'),
(12096, '2025-12-28', 'Unit Test', 'English', '0/50', 'PENDING'),
(12097, '2025-12-28', 'Unit Test', 'English', '0/50', 'PENDING'),
(12098, '2025-12-28', 'Unit Test', 'English', '0/50', 'PENDING'),
(12099, '2025-12-28', 'Unit Test', 'English', '0/50', 'PENDING'),
(12100, '2025-12-28', 'Unit Test', 'English', '0/50', 'PENDING'),
(12101, '2025-12-28', 'Unit Test', 'English', '0/50', 'PENDING'),
(12102, '2025-12-28', 'Unit Test', 'English', '0/50', 'PENDING'),
(12103, '2025-12-28', 'Unit Test', 'English', '0/50', 'PENDING'),
(12104, '2025-12-28', 'Unit Test', 'English', '0/50', 'PENDING'),
(12105, '2025-12-28', 'Unit Test', 'English', '0/50', 'PENDING'),
(12106, '2025-12-28', 'Unit Test', 'English', '0/50', 'PENDING'),
(12107, '2025-12-28', 'Unit Test', 'English', '0/50', 'PENDING'),
(12108, '2025-12-28', 'Unit Test', 'English', '0/50', 'PENDING'),
(12109, '2025-12-28', 'Unit Test', 'English', '0/50', 'PENDING'),
(12110, '2025-12-28', 'Unit Test', 'English', '0/50', 'PENDING'),
(12111, '2025-12-28', 'Unit Test', 'English', '0/50', 'PENDING'),
(12112, '2025-12-28', 'Unit Test', 'English', '0/50', 'PENDING'),
(12113, '2025-12-28', 'Unit Test', 'English', '0/50', 'PENDING'),
(12114, '2025-12-28', 'Unit Test', 'English', '0/50', 'PENDING'),
(12115, '2025-12-28', 'Unit Test', 'English', '0/50', 'PENDING'),
(12116, '2025-12-28', 'Unit Test', 'English', '0/50', 'PENDING'),
(12117, '2025-12-28', 'Unit Test', 'English', '0/50', 'PENDING'),
(12118, '2025-12-28', 'Unit Test', 'English', '0/50', 'PENDING'),
(12119, '2025-12-28', 'Unit Test', 'English', '0/50', 'PENDING'),
(12120, '2025-12-28', 'Unit Test', 'English', '0/50', 'PENDING'),
(12121, '2025-12-28', 'Unit Test', 'English', '0/50', 'PENDING'),
(12122, '2025-12-28', 'Unit Test', 'English', '0/50', 'PENDING'),
(12123, '2025-12-28', 'Unit Test', 'English', '0/50', 'PENDING'),
(12124, '2025-12-28', 'Unit Test', 'English', '0/50', 'PENDING'),
(12125, '2025-12-28', 'Unit Test', 'English', '0/50', 'PENDING'),
(12126, '2025-12-28', 'Unit Test', 'English', '0/50', 'PENDING'),
(12127, '2025-12-28', 'Unit Test', 'English', '0/50', 'PENDING'),
(12128, '2025-12-28', 'Unit Test', 'English', '0/50', 'PENDING'),
(12129, '2025-12-28', 'Unit Test', 'English', '0/50', 'PENDING'),
(12130, '2025-12-28', 'Unit Test', 'English', '0/50', 'PENDING'),
(12131, '2025-12-28', 'Unit Test', 'English', '0/50', 'PENDING'),
(12132, '2025-12-28', 'Unit Test', 'English', '0/50', 'PENDING'),
(12133, '2025-12-28', 'Unit Test', 'English', '0/50', 'PENDING'),
(12134, '2025-12-28', 'Unit Test', 'English', '0/50', 'PENDING'),
(12135, '2025-12-28', 'Unit Test', 'English', '0/50', 'PENDING'),
(12136, '2025-12-28', 'Unit Test', 'English', '0/50', 'PENDING'),
(12137, '2025-12-28', 'Unit Test', 'English', '0/50', 'PENDING'),
(12138, '2025-12-28', 'Unit Test', 'English', '0/50', 'PENDING'),
(12139, '2025-12-28', 'Unit Test', 'English', '0/50', 'PENDING'),
(12140, '2025-12-28', 'Unit Test', 'English', '0/50', 'PENDING'),
(12141, '2025-12-28', 'Unit Test', 'English', '0/50', 'PENDING'),
(12142, '2025-12-28', 'Unit Test', 'English', '0/50', 'PENDING'),
(12143, '2025-12-28', 'Unit Test', 'English', '0/50', 'PENDING'),
(12144, '2025-12-28', 'Unit Test', 'English', '0/50', 'PENDING'),
(12145, '2025-12-28', 'Unit Test', 'English', '0/50', 'PENDING'),
(12146, '2025-12-28', 'Unit Test', 'English', '0/50', 'PENDING'),
(12147, '2025-12-28', 'Unit Test', 'English', '0/50', 'PENDING'),
(12148, '2025-12-28', 'Unit Test', 'English', '0/50', 'PENDING'),
(12149, '2025-12-28', 'Unit Test', 'English', '0/50', 'PENDING'),
(12150, '2025-12-28', 'Unit Test', 'English', '0/50', 'PENDING'),
(12151, '2025-12-28', 'Unit Test', 'English', '0/50', 'PENDING'),
(12152, '2025-12-28', 'Unit Test', 'English', '0/50', 'PENDING'),
(12153, '2025-12-28', 'Unit Test', 'English', '0/50', 'PENDING'),
(12154, '2025-12-28', 'Unit Test', 'English', '0/50', 'PENDING'),
(12155, '2025-12-28', 'Unit Test', 'English', '0/50', 'PENDING'),
(12156, '2025-12-28', 'Unit Test', 'English', '0/50', 'PENDING'),
(12157, '2025-12-28', 'Unit Test', 'English', '0/50', 'PENDING'),
(12158, '2025-12-28', 'Unit Test', 'English', '0/50', 'PENDING'),
(12159, '2025-12-28', 'Unit Test', 'English', '0/50', 'PENDING'),
(12160, '2025-12-28', 'Unit Test', 'English', '0/50', 'PENDING'),
(12161, '2025-12-28', 'Unit Test', 'English', '0/50', 'PENDING'),
(12162, '2025-12-28', 'Unit Test', 'English', '0/50', 'PENDING'),
(12163, '2025-12-28', 'Unit Test', 'English', '0/50', 'PENDING'),
(12164, '2025-12-28', 'Unit Test', 'English', '0/50', 'PENDING'),
(12165, '2025-12-28', 'Unit Test', 'English', '0/50', 'PENDING'),
(12166, '2025-12-28', 'Unit Test', 'English', '0/50', 'PENDING'),
(12167, '2025-12-28', 'Unit Test', 'English', '0/50', 'PENDING'),
(12168, '2025-12-28', 'Unit Test', 'English', '0/50', 'PENDING'),
(12169, '2025-12-28', 'Unit Test', 'English', '0/50', 'PENDING'),
(12170, '2025-12-28', 'Unit Test', 'English', '0/50', 'PENDING'),
(12171, '2025-12-28', 'Unit Test', 'English', '0/50', 'PENDING'),
(12172, '2025-12-28', 'Unit Test', 'English', '0/50', 'PENDING'),
(12173, '2025-12-28', 'Unit Test', 'English', '0/50', 'PENDING'),
(12174, '2025-12-28', 'Unit Test', 'English', '0/50', 'PENDING'),
(12175, '2025-12-28', 'Unit Test', 'English', '0/50', 'PENDING'),
(12176, '2025-12-28', 'Unit Test', 'English', '0/50', 'PENDING'),
(12177, '2025-12-28', 'Unit Test', 'English', '0/50', 'PENDING'),
(12178, '2025-12-28', 'Unit Test', 'English', '0/50', 'PENDING'),
(12179, '2025-12-28', 'Unit Test', 'English', '0/50', 'PENDING'),
(12180, '2025-12-28', 'Unit Test', 'English', '0/50', 'PENDING'),
(12181, '2025-12-28', 'Unit Test', 'English', '0/50', 'PENDING'),
(12182, '2025-12-28', 'Unit Test', 'English', '0/50', 'PENDING'),
(12183, '2025-12-28', 'Unit Test', 'English', '0/50', 'PENDING'),
(12184, '2025-12-28', 'Unit Test', 'English', '0/50', 'PENDING'),
(12185, '2025-12-28', 'Unit Test', 'English', '0/50', 'PENDING'),
(12186, '2025-12-28', 'Unit Test', 'English', '0/50', 'PENDING'),
(12187, '2025-12-28', 'Unit Test', 'English', '0/50', 'PENDING'),
(12188, '2025-12-28', 'Unit Test', 'English', '0/50', 'PENDING'),
(12189, '2025-12-28', 'Unit Test', 'English', '0/50', 'PENDING'),
(12190, '2025-12-28', 'Unit Test', 'English', '0/50', 'PENDING');

-- --------------------------------------------------------

--
-- Table structure for table `attendance`
--

CREATE TABLE `attendance` (
  `id` varchar(20) NOT NULL,
  `date` date NOT NULL,
  `name` varchar(50) DEFAULT NULL,
  `status` tinyint(1) DEFAULT NULL,
  `primary_status` tinyint(1) DEFAULT NULL,
  `secondary_status` tinyint(1) DEFAULT NULL,
  `tertiary_status` tinyint(1) DEFAULT NULL,
  `morning` tinyint(1) DEFAULT NULL,
  `afternoon` tinyint(1) DEFAULT NULL,
  `evening` tinyint(1) DEFAULT NULL,
  `teacher_id` varchar(20) DEFAULT NULL,
  `subject_name` varchar(50) DEFAULT NULL,
  `markedBy` varchar(20) DEFAULT NULL
) ENGINE=InnoDB DEFAULT CHARSET=utf8mb4 COLLATE=utf8mb4_general_ci;

--
-- Dumping data for table `attendance`
--

INSERT INTO `attendance` (`id`, `date`, `name`, `status`, `primary_status`, `secondary_status`, `tertiary_status`, `morning`, `afternoon`, `evening`, `teacher_id`, `subject_name`, `markedBy`) VALUES
('11001', '2025-12-28', 'Aarav Kumar', NULL, NULL, NULL, NULL, 0, 0, 0, '2017115610', NULL, 'System'),
('11002', '2025-12-28', 'Vihaan Rao', NULL, NULL, NULL, NULL, 0, 0, 0, '2017115610', NULL, 'System'),
('11003', '2025-12-28', 'Ananya Iyer', NULL, NULL, NULL, NULL, 0, 0, 0, '2017115610', NULL, 'System'),
('11004', '2025-12-28', 'Diya Sharma', NULL, NULL, NULL, NULL, 0, 0, 0, '2017115610', NULL, 'System'),
('11005', '2025-12-28', 'Arjun Singh', NULL, NULL, NULL, NULL, 0, 0, 0, '2017115610', NULL, 'System'),
('11006', '2025-12-28', 'Meera Nair', NULL, NULL, NULL, NULL, 0, 0, 0, '2017115610', NULL, 'System'),
('11007', '2025-12-28', 'Ishaan Patel', NULL, NULL, NULL, NULL, 0, 0, 0, '2017115610', NULL, 'System'),
('11008', '2025-12-28', 'Sara Khan', NULL, NULL, NULL, NULL, 0, 0, 0, '2017115610', NULL, 'System'),
('11009', '2025-12-28', 'Kabir Joshi', NULL, NULL, NULL, NULL, 0, 0, 0, '2017115610', NULL, 'System'),
('11010', '2025-12-28', 'Riya Verma', NULL, NULL, NULL, NULL, 0, 0, 0, '2017115610', NULL, 'System'),
('12001', '2025-12-28', 'Student_1B_01', NULL, NULL, NULL, NULL, 0, 0, 0, '2017115610', NULL, 'System'),
('12002', '2025-12-28', 'Student_1B_02', NULL, NULL, NULL, NULL, 0, 0, 0, '2017115610', NULL, 'System'),
('12003', '2025-12-28', 'Student_1B_03', NULL, NULL, NULL, NULL, 0, 0, 0, '2017115610', NULL, 'System'),
('12004', '2025-12-28', 'Student_1B_04', NULL, NULL, NULL, NULL, 0, 0, 0, '2017115610', NULL, 'System'),
('12005', '2025-12-28', 'Student_1B_05', NULL, NULL, NULL, NULL, 0, 0, 0, '2017115610', NULL, 'System'),
('12006', '2025-12-28', 'Student_1B_06', NULL, NULL, NULL, NULL, 0, 0, 0, '2017115610', NULL, 'System'),
('12007', '2025-12-28', 'Student_1B_07', NULL, NULL, NULL, NULL, 0, 0, 0, '2017115610', NULL, 'System'),
('12008', '2025-12-28', 'Student_1B_08', NULL, NULL, NULL, NULL, 0, 0, 0, '2017115610', NULL, 'System'),
('12009', '2025-12-28', 'Student_1B_09', NULL, NULL, NULL, NULL, 0, 0, 0, '2017115610', NULL, 'System'),
('12010', '2025-12-28', 'Student_1B_10', NULL, NULL, NULL, NULL, 0, 0, 0, '2017115610', NULL, 'System'),
('12011', '2025-12-28', 'Student_1C_01', NULL, NULL, NULL, NULL, 0, 0, 0, '2017115610', NULL, 'System'),
('12012', '2025-12-28', 'Student_1C_02', NULL, NULL, NULL, NULL, 0, 0, 0, '2017115610', NULL, 'System'),
('12013', '2025-12-28', 'Student_1C_03', NULL, NULL, NULL, NULL, 0, 0, 0, '2017115610', NULL, 'System'),
('12014', '2025-12-28', 'Student_1C_04', NULL, NULL, NULL, NULL, 0, 0, 0, '2017115610', NULL, 'System'),
('12015', '2025-12-28', 'Student_1C_05', NULL, NULL, NULL, NULL, 0, 0, 0, '2017115610', NULL, 'System'),
('12016', '2025-12-28', 'Student_1C_06', NULL, NULL, NULL, NULL, 0, 0, 0, '2017115610', NULL, 'System'),
('12017', '2025-12-28', 'Student_1C_07', NULL, NULL, NULL, NULL, 0, 0, 0, '2017115610', NULL, 'System'),
('12018', '2025-12-28', 'Student_1C_08', NULL, NULL, NULL, NULL, 0, 0, 0, '2017115610', NULL, 'System'),
('12019', '2025-12-28', 'Student_1C_09', NULL, NULL, NULL, NULL, 0, 0, 0, '2017115610', NULL, 'System'),
('12020', '2025-12-28', 'Student_1C_10', NULL, NULL, NULL, NULL, 0, 0, 0, '2017115610', NULL, 'System'),
('12021', '2025-12-28', 'Student_1D_01', NULL, NULL, NULL, NULL, 0, 0, 0, '2017115610', NULL, 'System'),
('12022', '2025-12-28', 'Student_1D_02', NULL, NULL, NULL, NULL, 0, 0, 0, '2017115610', NULL, 'System'),
('12023', '2025-12-28', 'Student_1D_03', NULL, NULL, NULL, NULL, 0, 0, 0, '2017115610', NULL, 'System'),
('12024', '2025-12-28', 'Student_1D_04', NULL, NULL, NULL, NULL, 0, 0, 0, '2017115610', NULL, 'System'),
('12025', '2025-12-28', 'Student_1D_05', NULL, NULL, NULL, NULL, 0, 0, 0, '2017115610', NULL, 'System'),
('12026', '2025-12-28', 'Student_1D_06', NULL, NULL, NULL, NULL, 0, 0, 0, '2017115610', NULL, 'System'),
('12027', '2025-12-28', 'Student_1D_07', NULL, NULL, NULL, NULL, 0, 0, 0, '2017115610', NULL, 'System'),
('12028', '2025-12-28', 'Student_1D_08', NULL, NULL, NULL, NULL, 0, 0, 0, '2017115610', NULL, 'System'),
('12029', '2025-12-28', 'Student_1D_09', NULL, NULL, NULL, NULL, 0, 0, 0, '2017115610', NULL, 'System'),
('12030', '2025-12-28', 'Student_1D_10', NULL, NULL, NULL, NULL, 0, 0, 0, '2017115610', NULL, 'System'),
('12031', '2025-12-28', 'Student_2A_01', NULL, NULL, NULL, NULL, 0, 0, 0, '2017115610', NULL, 'System'),
('12032', '2025-12-28', 'Student_2A_02', NULL, NULL, NULL, NULL, 0, 0, 0, '2017115610', NULL, 'System'),
('12033', '2025-12-28', 'Student_2A_03', NULL, NULL, NULL, NULL, 0, 0, 0, '2017115610', NULL, 'System'),
('12034', '2025-12-28', 'Student_2A_04', NULL, NULL, NULL, NULL, 0, 0, 0, '2017115610', NULL, 'System'),
('12035', '2025-12-28', 'Student_2A_05', NULL, NULL, NULL, NULL, 0, 0, 0, '2017115610', NULL, 'System'),
('12036', '2025-12-28', 'Student_2A_06', NULL, NULL, NULL, NULL, 0, 0, 0, '2017115610', NULL, 'System'),
('12037', '2025-12-28', 'Student_2A_07', NULL, NULL, NULL, NULL, 0, 0, 0, '2017115610', NULL, 'System'),
('12038', '2025-12-28', 'Student_2A_08', NULL, NULL, NULL, NULL, 0, 0, 0, '2017115610', NULL, 'System'),
('12039', '2025-12-28', 'Student_2A_09', NULL, NULL, NULL, NULL, 0, 0, 0, '2017115610', NULL, 'System'),
('12040', '2025-12-28', 'Student_2A_10', NULL, NULL, NULL, NULL, 0, 0, 0, '2017115610', NULL, 'System'),
('12041', '2025-12-28', 'Student_2B_01', NULL, NULL, NULL, NULL, 0, 0, 0, '2017115610', NULL, 'System'),
('12042', '2025-12-28', 'Student_2B_02', NULL, NULL, NULL, NULL, 0, 0, 0, '2017115610', NULL, 'System'),
('12043', '2025-12-28', 'Student_2B_03', NULL, NULL, NULL, NULL, 0, 0, 0, '2017115610', NULL, 'System'),
('12044', '2025-12-28', 'Student_2B_04', NULL, NULL, NULL, NULL, 0, 0, 0, '2017115610', NULL, 'System'),
('12045', '2025-12-28', 'Student_2B_05', NULL, NULL, NULL, NULL, 0, 0, 0, '2017115610', NULL, 'System'),
('12046', '2025-12-28', 'Student_2B_06', NULL, NULL, NULL, NULL, 0, 0, 0, '2017115610', NULL, 'System'),
('12047', '2025-12-28', 'Student_2B_07', NULL, NULL, NULL, NULL, 0, 0, 0, '2017115610', NULL, 'System'),
('12048', '2025-12-28', 'Student_2B_08', NULL, NULL, NULL, NULL, 0, 0, 0, '2017115610', NULL, 'System'),
('12049', '2025-12-28', 'Student_2B_09', NULL, NULL, NULL, NULL, 0, 0, 0, '2017115610', NULL, 'System'),
('12050', '2025-12-28', 'Student_2B_10', NULL, NULL, NULL, NULL, 0, 0, 0, '2017115610', NULL, 'System'),
('12051', '2025-12-28', 'Student_2C_01', NULL, NULL, NULL, NULL, 0, 0, 0, '2017115610', NULL, 'System'),
('12052', '2025-12-28', 'Student_2C_02', NULL, NULL, NULL, NULL, 0, 0, 0, '2017115610', NULL, 'System'),
('12053', '2025-12-28', 'Student_2C_03', NULL, NULL, NULL, NULL, 0, 0, 0, '2017115610', NULL, 'System'),
('12054', '2025-12-28', 'Student_2C_04', NULL, NULL, NULL, NULL, 0, 0, 0, '2017115610', NULL, 'System'),
('12055', '2025-12-28', 'Student_2C_05', NULL, NULL, NULL, NULL, 0, 0, 0, '2017115610', NULL, 'System'),
('12056', '2025-12-28', 'Student_2C_06', NULL, NULL, NULL, NULL, 0, 0, 0, '2017115610', NULL, 'System'),
('12057', '2025-12-28', 'Student_2C_07', NULL, NULL, NULL, NULL, 0, 0, 0, '2017115610', NULL, 'System'),
('12058', '2025-12-28', 'Student_2C_08', NULL, NULL, NULL, NULL, 0, 0, 0, '2017115610', NULL, 'System'),
('12059', '2025-12-28', 'Student_2C_09', NULL, NULL, NULL, NULL, 0, 0, 0, '2017115610', NULL, 'System'),
('12060', '2025-12-28', 'Student_2C_10', NULL, NULL, NULL, NULL, 0, 0, 0, '2017115610', NULL, 'System'),
('12061', '2025-12-28', 'Student_2D_01', NULL, NULL, NULL, NULL, 0, 0, 0, '2017115610', NULL, 'System'),
('12062', '2025-12-28', 'Student_2D_02', NULL, NULL, NULL, NULL, 0, 0, 0, '2017115610', NULL, 'System'),
('12063', '2025-12-28', 'Student_2D_03', NULL, NULL, NULL, NULL, 0, 0, 0, '2017115610', NULL, 'System'),
('12064', '2025-12-28', 'Student_2D_04', NULL, NULL, NULL, NULL, 0, 0, 0, '2017115610', NULL, 'System'),
('12065', '2025-12-28', 'Student_2D_05', NULL, NULL, NULL, NULL, 0, 0, 0, '2017115610', NULL, 'System'),
('12066', '2025-12-28', 'Student_2D_06', NULL, NULL, NULL, NULL, 0, 0, 0, '2017115610', NULL, 'System'),
('12067', '2025-12-28', 'Student_2D_07', NULL, NULL, NULL, NULL, 0, 0, 0, '2017115610', NULL, 'System'),
('12068', '2025-12-28', 'Student_2D_08', NULL, NULL, NULL, NULL, 0, 0, 0, '2017115610', NULL, 'System'),
('12069', '2025-12-28', 'Student_2D_09', NULL, NULL, NULL, NULL, 0, 0, 0, '2017115610', NULL, 'System'),
('12070', '2025-12-28', 'Student_2D_10', NULL, NULL, NULL, NULL, 0, 0, 0, '2017115610', NULL, 'System'),
('12071', '2025-12-28', 'Student_3A_01', NULL, NULL, NULL, NULL, 0, 0, 0, '2017115610', NULL, 'System'),
('12072', '2025-12-28', 'Student_3A_02', NULL, NULL, NULL, NULL, 0, 0, 0, '2017115610', NULL, 'System'),
('12073', '2025-12-28', 'Student_3A_03', NULL, NULL, NULL, NULL, 0, 0, 0, '2017115610', NULL, 'System'),
('12074', '2025-12-28', 'Student_3A_04', NULL, NULL, NULL, NULL, 0, 0, 0, '2017115610', NULL, 'System'),
('12075', '2025-12-28', 'Student_3A_05', NULL, NULL, NULL, NULL, 0, 0, 0, '2017115610', NULL, 'System'),
('12076', '2025-12-28', 'Student_3A_06', NULL, NULL, NULL, NULL, 0, 0, 0, '2017115610', NULL, 'System'),
('12077', '2025-12-28', 'Student_3A_07', NULL, NULL, NULL, NULL, 0, 0, 0, '2017115610', NULL, 'System'),
('12078', '2025-12-28', 'Student_3A_08', NULL, NULL, NULL, NULL, 0, 0, 0, '2017115610', NULL, 'System'),
('12079', '2025-12-28', 'Student_3A_09', NULL, NULL, NULL, NULL, 0, 0, 0, '2017115610', NULL, 'System'),
('12080', '2025-12-28', 'Student_3A_10', NULL, NULL, NULL, NULL, 0, 0, 0, '2017115610', NULL, 'System'),
('12081', '2025-12-28', 'Student_3B_01', NULL, NULL, NULL, NULL, 0, 0, 0, '2017115610', NULL, 'System'),
('12082', '2025-12-28', 'Student_3B_02', NULL, NULL, NULL, NULL, 0, 0, 0, '2017115610', NULL, 'System'),
('12083', '2025-12-28', 'Student_3B_03', NULL, NULL, NULL, NULL, 0, 0, 0, '2017115610', NULL, 'System'),
('12084', '2025-12-28', 'Student_3B_04', NULL, NULL, NULL, NULL, 0, 0, 0, '2017115610', NULL, 'System'),
('12085', '2025-12-28', 'Student_3B_05', NULL, NULL, NULL, NULL, 0, 0, 0, '2017115610', NULL, 'System'),
('12086', '2025-12-28', 'Student_3B_06', NULL, NULL, NULL, NULL, 0, 0, 0, '2017115610', NULL, 'System'),
('12087', '2025-12-28', 'Student_3B_07', NULL, NULL, NULL, NULL, 0, 0, 0, '2017115610', NULL, 'System'),
('12088', '2025-12-28', 'Student_3B_08', NULL, NULL, NULL, NULL, 0, 0, 0, '2017115610', NULL, 'System'),
('12089', '2025-12-28', 'Student_3B_09', NULL, NULL, NULL, NULL, 0, 0, 0, '2017115610', NULL, 'System'),
('12090', '2025-12-28', 'Student_3B_10', NULL, NULL, NULL, NULL, 0, 0, 0, '2017115610', NULL, 'System'),
('12091', '2025-12-28', 'Student_3C_01', NULL, NULL, NULL, NULL, 0, 0, 0, '2017115610', NULL, 'System'),
('12092', '2025-12-28', 'Student_3C_02', NULL, NULL, NULL, NULL, 0, 0, 0, '2017115610', NULL, 'System'),
('12093', '2025-12-28', 'Student_3C_03', NULL, NULL, NULL, NULL, 0, 0, 0, '2017115610', NULL, 'System'),
('12094', '2025-12-28', 'Student_3C_04', NULL, NULL, NULL, NULL, 0, 0, 0, '2017115610', NULL, 'System'),
('12095', '2025-12-28', 'Student_3C_05', NULL, NULL, NULL, NULL, 0, 0, 0, '2017115610', NULL, 'System'),
('12096', '2025-12-28', 'Student_3C_06', NULL, NULL, NULL, NULL, 0, 0, 0, '2017115610', NULL, 'System'),
('12097', '2025-12-28', 'Student_3C_07', NULL, NULL, NULL, NULL, 0, 0, 0, '2017115610', NULL, 'System'),
('12098', '2025-12-28', 'Student_3C_08', NULL, NULL, NULL, NULL, 0, 0, 0, '2017115610', NULL, 'System'),
('12099', '2025-12-28', 'Student_3C_09', NULL, NULL, NULL, NULL, 0, 0, 0, '2017115610', NULL, 'System'),
('12100', '2025-12-28', 'Student_3C_10', NULL, NULL, NULL, NULL, 0, 0, 0, '2017115610', NULL, 'System'),
('12101', '2025-12-28', 'Student_3D_01', NULL, NULL, NULL, NULL, 0, 0, 0, '2017115610', NULL, 'System'),
('12102', '2025-12-28', 'Student_3D_02', NULL, NULL, NULL, NULL, 0, 0, 0, '2017115610', NULL, 'System'),
('12103', '2025-12-28', 'Student_3D_03', NULL, NULL, NULL, NULL, 0, 0, 0, '2017115610', NULL, 'System'),
('12104', '2025-12-28', 'Student_3D_04', NULL, NULL, NULL, NULL, 0, 0, 0, '2017115610', NULL, 'System'),
('12105', '2025-12-28', 'Student_3D_05', NULL, NULL, NULL, NULL, 0, 0, 0, '2017115610', NULL, 'System'),
('12106', '2025-12-28', 'Student_3D_06', NULL, NULL, NULL, NULL, 0, 0, 0, '2017115610', NULL, 'System'),
('12107', '2025-12-28', 'Student_3D_07', NULL, NULL, NULL, NULL, 0, 0, 0, '2017115610', NULL, 'System'),
('12108', '2025-12-28', 'Student_3D_08', NULL, NULL, NULL, NULL, 0, 0, 0, '2017115610', NULL, 'System'),
('12109', '2025-12-28', 'Student_3D_09', NULL, NULL, NULL, NULL, 0, 0, 0, '2017115610', NULL, 'System'),
('12110', '2025-12-28', 'Student_3D_10', NULL, NULL, NULL, NULL, 0, 0, 0, '2017115610', NULL, 'System'),
('12111', '2025-12-28', 'Student_4A_01', NULL, NULL, NULL, NULL, 0, 0, 0, '2017115610', NULL, 'System'),
('12112', '2025-12-28', 'Student_4A_02', NULL, NULL, NULL, NULL, 0, 0, 0, '2017115610', NULL, 'System'),
('12113', '2025-12-28', 'Student_4A_03', NULL, NULL, NULL, NULL, 0, 0, 0, '2017115610', NULL, 'System'),
('12114', '2025-12-28', 'Student_4A_04', NULL, NULL, NULL, NULL, 0, 0, 0, '2017115610', NULL, 'System'),
('12115', '2025-12-28', 'Student_4A_05', NULL, NULL, NULL, NULL, 0, 0, 0, '2017115610', NULL, 'System'),
('12116', '2025-12-28', 'Student_4A_06', NULL, NULL, NULL, NULL, 0, 0, 0, '2017115610', NULL, 'System'),
('12117', '2025-12-28', 'Student_4A_07', NULL, NULL, NULL, NULL, 0, 0, 0, '2017115610', NULL, 'System'),
('12118', '2025-12-28', 'Student_4A_08', NULL, NULL, NULL, NULL, 0, 0, 0, '2017115610', NULL, 'System'),
('12119', '2025-12-28', 'Student_4A_09', NULL, NULL, NULL, NULL, 0, 0, 0, '2017115610', NULL, 'System'),
('12120', '2025-12-28', 'Student_4A_10', NULL, NULL, NULL, NULL, 0, 0, 0, '2017115610', NULL, 'System'),
('12121', '2025-12-28', 'Student_4B_01', NULL, NULL, NULL, NULL, 0, 0, 0, '2017115610', NULL, 'System'),
('12122', '2025-12-28', 'Student_4B_02', NULL, NULL, NULL, NULL, 0, 0, 0, '2017115610', NULL, 'System'),
('12123', '2025-12-28', 'Student_4B_03', NULL, NULL, NULL, NULL, 0, 0, 0, '2017115610', NULL, 'System'),
('12124', '2025-12-28', 'Student_4B_04', NULL, NULL, NULL, NULL, 0, 0, 0, '2017115610', NULL, 'System'),
('12125', '2025-12-28', 'Student_4B_05', NULL, NULL, NULL, NULL, 0, 0, 0, '2017115610', NULL, 'System'),
('12126', '2025-12-28', 'Student_4B_06', NULL, NULL, NULL, NULL, 0, 0, 0, '2017115610', NULL, 'System'),
('12127', '2025-12-28', 'Student_4B_07', NULL, NULL, NULL, NULL, 0, 0, 0, '2017115610', NULL, 'System'),
('12128', '2025-12-28', 'Student_4B_08', NULL, NULL, NULL, NULL, 0, 0, 0, '2017115610', NULL, 'System'),
('12129', '2025-12-28', 'Student_4B_09', NULL, NULL, NULL, NULL, 0, 0, 0, '2017115610', NULL, 'System'),
('12130', '2025-12-28', 'Student_4B_10', NULL, NULL, NULL, NULL, 0, 0, 0, '2017115610', NULL, 'System'),
('12131', '2025-12-28', 'Student_4C_01', NULL, NULL, NULL, NULL, 0, 0, 0, '2017115610', NULL, 'System'),
('12132', '2025-12-28', 'Student_4C_02', NULL, NULL, NULL, NULL, 0, 0, 0, '2017115610', NULL, 'System'),
('12133', '2025-12-28', 'Student_4C_03', NULL, NULL, NULL, NULL, 0, 0, 0, '2017115610', NULL, 'System'),
('12134', '2025-12-28', 'Student_4C_04', NULL, NULL, NULL, NULL, 0, 0, 0, '2017115610', NULL, 'System'),
('12135', '2025-12-28', 'Student_4C_05', NULL, NULL, NULL, NULL, 0, 0, 0, '2017115610', NULL, 'System'),
('12136', '2025-12-28', 'Student_4C_06', NULL, NULL, NULL, NULL, 0, 0, 0, '2017115610', NULL, 'System'),
('12137', '2025-12-28', 'Student_4C_07', NULL, NULL, NULL, NULL, 0, 0, 0, '2017115610', NULL, 'System'),
('12138', '2025-12-28', 'Student_4C_08', NULL, NULL, NULL, NULL, 0, 0, 0, '2017115610', NULL, 'System'),
('12139', '2025-12-28', 'Student_4C_09', NULL, NULL, NULL, NULL, 0, 0, 0, '2017115610', NULL, 'System'),
('12140', '2025-12-28', 'Student_4C_10', NULL, NULL, NULL, NULL, 0, 0, 0, '2017115610', NULL, 'System'),
('12141', '2025-12-28', 'Student_4D_01', NULL, NULL, NULL, NULL, 0, 0, 0, '2017115610', NULL, 'System'),
('12142', '2025-12-28', 'Student_4D_02', NULL, NULL, NULL, NULL, 0, 0, 0, '2017115610', NULL, 'System'),
('12143', '2025-12-28', 'Student_4D_03', NULL, NULL, NULL, NULL, 0, 0, 0, '2017115610', NULL, 'System'),
('12144', '2025-12-28', 'Student_4D_04', NULL, NULL, NULL, NULL, 0, 0, 0, '2017115610', NULL, 'System'),
('12145', '2025-12-28', 'Student_4D_05', NULL, NULL, NULL, NULL, 0, 0, 0, '2017115610', NULL, 'System'),
('12146', '2025-12-28', 'Student_4D_06', NULL, NULL, NULL, NULL, 0, 0, 0, '2017115610', NULL, 'System'),
('12147', '2025-12-28', 'Student_4D_07', NULL, NULL, NULL, NULL, 0, 0, 0, '2017115610', NULL, 'System'),
('12148', '2025-12-28', 'Student_4D_08', NULL, NULL, NULL, NULL, 0, 0, 0, '2017115610', NULL, 'System'),
('12149', '2025-12-28', 'Student_4D_09', NULL, NULL, NULL, NULL, 0, 0, 0, '2017115610', NULL, 'System'),
('12150', '2025-12-28', 'Student_4D_10', NULL, NULL, NULL, NULL, 0, 0, 0, '2017115610', NULL, 'System'),
('12151', '2025-12-28', 'Student_5A_01', NULL, NULL, NULL, NULL, 0, 0, 0, '2017115610', NULL, 'System'),
('12152', '2025-12-28', 'Student_5A_02', NULL, NULL, NULL, NULL, 0, 0, 0, '2017115610', NULL, 'System'),
('12153', '2025-12-28', 'Student_5A_03', NULL, NULL, NULL, NULL, 0, 0, 0, '2017115610', NULL, 'System'),
('12154', '2025-12-28', 'Student_5A_04', NULL, NULL, NULL, NULL, 0, 0, 0, '2017115610', NULL, 'System'),
('12155', '2025-12-28', 'Student_5A_05', NULL, NULL, NULL, NULL, 0, 0, 0, '2017115610', NULL, 'System'),
('12156', '2025-12-28', 'Student_5A_06', NULL, NULL, NULL, NULL, 0, 0, 0, '2017115610', NULL, 'System'),
('12157', '2025-12-28', 'Student_5A_07', NULL, NULL, NULL, NULL, 0, 0, 0, '2017115610', NULL, 'System'),
('12158', '2025-12-28', 'Student_5A_08', NULL, NULL, NULL, NULL, 0, 0, 0, '2017115610', NULL, 'System'),
('12159', '2025-12-28', 'Student_5A_09', NULL, NULL, NULL, NULL, 0, 0, 0, '2017115610', NULL, 'System'),
('12160', '2025-12-28', 'Student_5A_10', NULL, NULL, NULL, NULL, 0, 0, 0, '2017115610', NULL, 'System'),
('12161', '2025-12-28', 'Student_5B_01', NULL, NULL, NULL, NULL, 0, 0, 0, '2017115610', NULL, 'System'),
('12162', '2025-12-28', 'Student_5B_02', NULL, NULL, NULL, NULL, 0, 0, 0, '2017115610', NULL, 'System'),
('12163', '2025-12-28', 'Student_5B_03', NULL, NULL, NULL, NULL, 0, 0, 0, '2017115610', NULL, 'System'),
('12164', '2025-12-28', 'Student_5B_04', NULL, NULL, NULL, NULL, 0, 0, 0, '2017115610', NULL, 'System'),
('12165', '2025-12-28', 'Student_5B_05', NULL, NULL, NULL, NULL, 0, 0, 0, '2017115610', NULL, 'System'),
('12166', '2025-12-28', 'Student_5B_06', NULL, NULL, NULL, NULL, 0, 0, 0, '2017115610', NULL, 'System'),
('12167', '2025-12-28', 'Student_5B_07', NULL, NULL, NULL, NULL, 0, 0, 0, '2017115610', NULL, 'System'),
('12168', '2025-12-28', 'Student_5B_08', NULL, NULL, NULL, NULL, 0, 0, 0, '2017115610', NULL, 'System'),
('12169', '2025-12-28', 'Student_5B_09', NULL, NULL, NULL, NULL, 0, 0, 0, '2017115610', NULL, 'System'),
('12170', '2025-12-28', 'Student_5B_10', NULL, NULL, NULL, NULL, 0, 0, 0, '2017115610', NULL, 'System'),
('12171', '2025-12-28', 'Student_5C_01', NULL, NULL, NULL, NULL, 0, 0, 0, '2017115610', NULL, 'System'),
('12172', '2025-12-28', 'Student_5C_02', NULL, NULL, NULL, NULL, 0, 0, 0, '2017115610', NULL, 'System'),
('12173', '2025-12-28', 'Student_5C_03', NULL, NULL, NULL, NULL, 0, 0, 0, '2017115610', NULL, 'System'),
('12174', '2025-12-28', 'Student_5C_04', NULL, NULL, NULL, NULL, 0, 0, 0, '2017115610', NULL, 'System'),
('12175', '2025-12-28', 'Student_5C_05', NULL, NULL, NULL, NULL, 0, 0, 0, '2017115610', NULL, 'System'),
('12176', '2025-12-28', 'Student_5C_06', NULL, NULL, NULL, NULL, 0, 0, 0, '2017115610', NULL, 'System'),
('12177', '2025-12-28', 'Student_5C_07', NULL, NULL, NULL, NULL, 0, 0, 0, '2017115610', NULL, 'System'),
('12178', '2025-12-28', 'Student_5C_08', NULL, NULL, NULL, NULL, 0, 0, 0, '2017115610', NULL, 'System'),
('12179', '2025-12-28', 'Student_5C_09', NULL, NULL, NULL, NULL, 0, 0, 0, '2017115610', NULL, 'System'),
('12180', '2025-12-28', 'Student_5C_10', NULL, NULL, NULL, NULL, 0, 0, 0, '2017115610', NULL, 'System'),
('12181', '2025-12-28', 'Student_5D_01', NULL, NULL, NULL, NULL, 0, 0, 0, '2017115610', NULL, 'System'),
('12182', '2025-12-28', 'Student_5D_02', NULL, NULL, NULL, NULL, 0, 0, 0, '2017115610', NULL, 'System'),
('12183', '2025-12-28', 'Student_5D_03', NULL, NULL, NULL, NULL, 0, 0, 0, '2017115610', NULL, 'System'),
('12184', '2025-12-28', 'Student_5D_04', NULL, NULL, NULL, NULL, 0, 0, 0, '2017115610', NULL, 'System'),
('12185', '2025-12-28', 'Student_5D_05', NULL, NULL, NULL, NULL, 0, 0, 0, '2017115610', NULL, 'System'),
('12186', '2025-12-28', 'Student_5D_06', NULL, NULL, NULL, NULL, 0, 0, 0, '2017115610', NULL, 'System'),
('12187', '2025-12-28', 'Student_5D_07', NULL, NULL, NULL, NULL, 0, 0, 0, '2017115610', NULL, 'System'),
('12188', '2025-12-28', 'Student_5D_08', NULL, NULL, NULL, NULL, 0, 0, 0, '2017115610', NULL, 'System'),
('12189', '2025-12-28', 'Student_5D_09', NULL, NULL, NULL, NULL, 0, 0, 0, '2017115610', NULL, 'System'),
('12190', '2025-12-28', 'Student_5D_10', NULL, NULL, NULL, NULL, 0, 0, 0, '2017115610', NULL, 'System'),
('2017115611', '2025-12-28', 'Viswaprasad', NULL, NULL, NULL, NULL, 0, 0, 0, '2017115610', NULL, 'Zamp');

-- --------------------------------------------------------

--
-- Table structure for table `class_sections`
--

CREATE TABLE `class_sections` (
  `id` int(11) NOT NULL,
  `standard` varchar(10) NOT NULL,
  `section` varchar(5) NOT NULL
) ENGINE=InnoDB DEFAULT CHARSET=utf8mb4 COLLATE=utf8mb4_general_ci;

--
-- Dumping data for table `class_sections`
--

INSERT INTO `class_sections` (`id`, `standard`, `section`) VALUES
(1, '1', 'A'),
(2, '1', 'B'),
(3, '2', 'A'),
(4, '2', 'B'),
(5, '3', 'A'),
(6, '3', 'B');

-- --------------------------------------------------------

--
-- Table structure for table `class_subjects`
--

CREATE TABLE `class_subjects` (
  `id` int(11) NOT NULL,
  `class_section_id` int(11) NOT NULL,
  `subject_id` int(11) NOT NULL
) ENGINE=InnoDB DEFAULT CHARSET=utf8mb4 COLLATE=utf8mb4_general_ci;

--
-- Dumping data for table `class_subjects`
--

INSERT INTO `class_subjects` (`id`, `class_section_id`, `subject_id`) VALUES
(1, 1, 1),
(2, 1, 2),
(3, 1, 3),
(4, 1, 5),
(5, 2, 1),
(6, 2, 2),
(7, 2, 3),
(8, 2, 5),
(9, 3, 1),
(10, 3, 2),
(11, 3, 3),
(12, 3, 4),
(13, 3, 5),
(14, 4, 1),
(15, 4, 2),
(16, 4, 3),
(17, 4, 4),
(18, 4, 5),
(19, 5, 1),
(20, 5, 2),
(21, 5, 3),
(22, 5, 4),
(23, 5, 8),
(24, 6, 1),
(25, 6, 2),
(26, 6, 3),
(27, 6, 4),
(28, 6, 8);

-- --------------------------------------------------------

--
-- Table structure for table `exams`
--

CREATE TABLE `exams` (
  `exam_id` int(11) NOT NULL,
  `exam_name` varchar(50) NOT NULL,
  `standard` varchar(5) NOT NULL,
  `section` varchar(5) NOT NULL,
  `exam_date` date NOT NULL,
  `created_by` varchar(20) NOT NULL,
  `created_at` timestamp NOT NULL DEFAULT current_timestamp()
) ENGINE=InnoDB DEFAULT CHARSET=utf8mb4 COLLATE=utf8mb4_general_ci;

--
-- Dumping data for table `exams`
--

INSERT INTO `exams` (`exam_id`, `exam_name`, `standard`, `section`, `exam_date`, `created_by`, `created_at`) VALUES
(1, 'Term 1', '1', 'A', '2025-09-15', '2017115610', '2025-12-28 14:05:47'),
(2, 'Unit Test 1', '1', 'A', '2025-08-10', '2017115610', '2025-12-28 14:05:47'),
(3, 'Term 1', '2', 'B', '2025-09-16', '2017115610', '2025-12-28 14:05:47');

-- --------------------------------------------------------

--
-- Table structure for table `homeworks`
--

CREATE TABLE `homeworks` (
  `id` int(11) NOT NULL,
  `subject_name` varchar(100) NOT NULL,
  `teacher_id` varchar(10) NOT NULL,
  `standard` int(11) NOT NULL,
  `section` varchar(2) NOT NULL,
  `date` date NOT NULL,
  `title` varchar(255) NOT NULL,
  `description` text DEFAULT NULL,
  `created_at` timestamp NOT NULL DEFAULT current_timestamp(),
  `updated_at` timestamp NOT NULL DEFAULT current_timestamp() ON UPDATE current_timestamp(),
  `target_type` enum('class','student') NOT NULL DEFAULT 'class',
  `student_id` int(11) DEFAULT NULL
) ENGINE=InnoDB DEFAULT CHARSET=utf8mb4 COLLATE=utf8mb4_general_ci;

--
-- Dumping data for table `homeworks`
--

INSERT INTO `homeworks` (`id`, `subject_name`, `teacher_id`, `standard`, `section`, `date`, `title`, `description`, `created_at`, `updated_at`, `target_type`, `student_id`) VALUES
(1, 'English', '2017115610', 1, 'A', '2025-08-25', 'Grammar Worksheet', 'Complete exercises on tenses from page 23 to 26.', '2025-08-27 18:51:45', '2025-08-27 18:51:45', 'class', NULL),
(2, 'Mathematics', '2017115610', 1, 'A', '2025-08-25', 'Addition Practice', 'Solve problems 1–20 from the class workbook.', '2025-08-27 18:51:45', '2025-08-27 18:51:45', 'class', NULL),
(3, 'Science', '2017115610', 1, 'A', '2025-08-26', 'Plants and Animals', 'Draw and label parts of a plant in your notebook.', '2025-08-27 18:51:45', '2025-08-27 18:51:45', 'class', NULL),
(4, 'Social', '2017115610', 1, 'A', '2025-08-27', 'Our Neighborhood', 'Write 5 sentences about your neighborhood.', '2025-08-27 18:51:45', '2025-08-27 18:51:45', 'class', NULL),
(5, 'Tamil', '2017115610', 1, 'A', '2025-08-27', 'Poem Recitation', 'Memorize the given 4-line Tamil poem and prepare to recite.', '2025-08-27 18:51:45', '2025-08-27 18:51:45', 'class', NULL),
(6, 'Maths', '2017115610', 1, 'A', '2025-12-28', 'Study Multiplication table', 'Study multiplication tables from 1 to 10', '2025-12-27 19:08:49', '2025-12-27 19:08:49', 'class', NULL),
(7, 'English', '2017115610', 1, 'A', '2025-12-28', 'qwerrtty', 'qwerty', '2025-12-27 19:34:33', '2025-12-27 19:34:33', 'student', 2017115611),
(8, 'English', '2017115610', 2, 'A', '2025-12-28', 'Math Problems', 'I hate maths.', '2025-12-27 20:02:35', '2025-12-27 20:02:35', 'student', 12035);

-- --------------------------------------------------------

--
-- Table structure for table `marks`
--

CREATE TABLE `marks` (
  `id` varchar(20) NOT NULL,
  `subjectName` varchar(50) NOT NULL,
  `testName` varchar(50) NOT NULL,
  `date` varchar(25) NOT NULL,
  `marksObtained` varchar(10) DEFAULT NULL,
  `totalMarks` varchar(10) DEFAULT NULL
) ENGINE=InnoDB DEFAULT CHARSET=utf8mb4 COLLATE=utf8mb4_general_ci;

--
-- Dumping data for table `marks`
--

INSERT INTO `marks` (`id`, `subjectName`, `testName`, `date`, `marksObtained`, `totalMarks`) VALUES
('11001', 'Computer Science', 'Term 1', '2025-12-28', '0', '100'),
('11001', 'English', 'Term 1', '2025-12-28', '0', '100'),
('11001', 'Environmental Studies', 'Term 1', '2025-12-28', '0', '100'),
('11001', 'Hindi', 'Term 1', '2025-12-28', '0', '100'),
('11001', 'Mathematics', 'Term 1', '2025-12-28', '0', '100'),
('11001', 'Science', 'Term 1', '2025-12-28', '0', '100'),
('11001', 'Social Science', 'Term 1', '2025-12-28', '0', '100'),
('11001', 'Tamil', 'Term 1', '2025-12-28', '0', '100'),
('11002', 'Computer Science', 'Term 1', '2025-12-28', '0', '100'),
('11002', 'English', 'Term 1', '2025-12-28', '0', '100'),
('11002', 'Environmental Studies', 'Term 1', '2025-12-28', '0', '100'),
('11002', 'Hindi', 'Term 1', '2025-12-28', '0', '100'),
('11002', 'Mathematics', 'Term 1', '2025-12-28', '0', '100'),
('11002', 'Science', 'Term 1', '2025-12-28', '0', '100'),
('11002', 'Social Science', 'Term 1', '2025-12-28', '0', '100'),
('11002', 'Tamil', 'Term 1', '2025-12-28', '0', '100'),
('11003', 'Computer Science', 'Term 1', '2025-12-28', '0', '100'),
('11003', 'English', 'Term 1', '2025-12-28', '0', '100'),
('11003', 'Environmental Studies', 'Term 1', '2025-12-28', '0', '100'),
('11003', 'Hindi', 'Term 1', '2025-12-28', '0', '100'),
('11003', 'Mathematics', 'Term 1', '2025-12-28', '0', '100'),
('11003', 'Science', 'Term 1', '2025-12-28', '0', '100'),
('11003', 'Social Science', 'Term 1', '2025-12-28', '0', '100'),
('11003', 'Tamil', 'Term 1', '2025-12-28', '0', '100'),
('11004', 'Computer Science', 'Term 1', '2025-12-28', '0', '100'),
('11004', 'English', 'Term 1', '2025-12-28', '0', '100'),
('11004', 'Environmental Studies', 'Term 1', '2025-12-28', '0', '100'),
('11004', 'Hindi', 'Term 1', '2025-12-28', '0', '100'),
('11004', 'Mathematics', 'Term 1', '2025-12-28', '0', '100'),
('11004', 'Science', 'Term 1', '2025-12-28', '0', '100'),
('11004', 'Social Science', 'Term 1', '2025-12-28', '0', '100'),
('11004', 'Tamil', 'Term 1', '2025-12-28', '0', '100'),
('11005', 'Computer Science', 'Term 1', '2025-12-28', '0', '100'),
('11005', 'English', 'Term 1', '2025-12-28', '0', '100'),
('11005', 'Environmental Studies', 'Term 1', '2025-12-28', '0', '100'),
('11005', 'Hindi', 'Term 1', '2025-12-28', '0', '100'),
('11005', 'Mathematics', 'Term 1', '2025-12-28', '0', '100'),
('11005', 'Science', 'Term 1', '2025-12-28', '0', '100'),
('11005', 'Social Science', 'Term 1', '2025-12-28', '0', '100'),
('11005', 'Tamil', 'Term 1', '2025-12-28', '0', '100'),
('11006', 'Computer Science', 'Term 1', '2025-12-28', '0', '100'),
('11006', 'English', 'Term 1', '2025-12-28', '0', '100'),
('11006', 'Environmental Studies', 'Term 1', '2025-12-28', '0', '100'),
('11006', 'Hindi', 'Term 1', '2025-12-28', '0', '100'),
('11006', 'Mathematics', 'Term 1', '2025-12-28', '0', '100'),
('11006', 'Science', 'Term 1', '2025-12-28', '0', '100'),
('11006', 'Social Science', 'Term 1', '2025-12-28', '0', '100'),
('11006', 'Tamil', 'Term 1', '2025-12-28', '0', '100'),
('11007', 'Computer Science', 'Term 1', '2025-12-28', '0', '100'),
('11007', 'English', 'Term 1', '2025-12-28', '0', '100'),
('11007', 'Environmental Studies', 'Term 1', '2025-12-28', '0', '100'),
('11007', 'Hindi', 'Term 1', '2025-12-28', '0', '100'),
('11007', 'Mathematics', 'Term 1', '2025-12-28', '0', '100'),
('11007', 'Science', 'Term 1', '2025-12-28', '0', '100'),
('11007', 'Social Science', 'Term 1', '2025-12-28', '0', '100'),
('11007', 'Tamil', 'Term 1', '2025-12-28', '0', '100'),
('11008', 'Computer Science', 'Term 1', '2025-12-28', '0', '100'),
('11008', 'English', 'Term 1', '2025-12-28', '0', '100'),
('11008', 'Environmental Studies', 'Term 1', '2025-12-28', '0', '100'),
('11008', 'Hindi', 'Term 1', '2025-12-28', '0', '100'),
('11008', 'Mathematics', 'Term 1', '2025-12-28', '0', '100'),
('11008', 'Science', 'Term 1', '2025-12-28', '0', '100'),
('11008', 'Social Science', 'Term 1', '2025-12-28', '0', '100'),
('11008', 'Tamil', 'Term 1', '2025-12-28', '0', '100'),
('11009', 'Computer Science', 'Term 1', '2025-12-28', '0', '100'),
('11009', 'English', 'Term 1', '2025-12-28', '0', '100'),
('11009', 'Environmental Studies', 'Term 1', '2025-12-28', '0', '100'),
('11009', 'Hindi', 'Term 1', '2025-12-28', '0', '100'),
('11009', 'Mathematics', 'Term 1', '2025-12-28', '0', '100'),
('11009', 'Science', 'Term 1', '2025-12-28', '0', '100'),
('11009', 'Social Science', 'Term 1', '2025-12-28', '0', '100'),
('11009', 'Tamil', 'Term 1', '2025-12-28', '0', '100'),
('11010', 'Computer Science', 'Term 1', '2025-12-28', '0', '100'),
('11010', 'English', 'Term 1', '2025-12-28', '0', '100'),
('11010', 'Environmental Studies', 'Term 1', '2025-12-28', '0', '100'),
('11010', 'Hindi', 'Term 1', '2025-12-28', '0', '100'),
('11010', 'Mathematics', 'Term 1', '2025-12-28', '0', '100'),
('11010', 'Science', 'Term 1', '2025-12-28', '0', '100'),
('11010', 'Social Science', 'Term 1', '2025-12-28', '0', '100'),
('11010', 'Tamil', 'Term 1', '2025-12-28', '0', '100'),
('12001', 'Computer Science', 'Term 1', '2025-12-28', '0', '100'),
('12001', 'English', 'Term 1', '2025-12-28', '0', '100'),
('12001', 'Environmental Studies', 'Term 1', '2025-12-28', '0', '100'),
('12001', 'Hindi', 'Term 1', '2025-12-28', '0', '100'),
('12001', 'Mathematics', 'Term 1', '2025-12-28', '0', '100'),
('12001', 'Science', 'Term 1', '2025-12-28', '0', '100'),
('12001', 'Social Science', 'Term 1', '2025-12-28', '0', '100'),
('12001', 'Tamil', 'Term 1', '2025-12-28', '0', '100'),
('12002', 'Computer Science', 'Term 1', '2025-12-28', '0', '100'),
('12002', 'English', 'Term 1', '2025-12-28', '0', '100'),
('12002', 'Environmental Studies', 'Term 1', '2025-12-28', '0', '100'),
('12002', 'Hindi', 'Term 1', '2025-12-28', '0', '100'),
('12002', 'Mathematics', 'Term 1', '2025-12-28', '0', '100'),
('12002', 'Science', 'Term 1', '2025-12-28', '0', '100'),
('12002', 'Social Science', 'Term 1', '2025-12-28', '0', '100'),
('12002', 'Tamil', 'Term 1', '2025-12-28', '0', '100'),
('12003', 'Computer Science', 'Term 1', '2025-12-28', '0', '100'),
('12003', 'English', 'Term 1', '2025-12-28', '0', '100'),
('12003', 'Environmental Studies', 'Term 1', '2025-12-28', '0', '100'),
('12003', 'Hindi', 'Term 1', '2025-12-28', '0', '100'),
('12003', 'Mathematics', 'Term 1', '2025-12-28', '0', '100'),
('12003', 'Science', 'Term 1', '2025-12-28', '0', '100'),
('12003', 'Social Science', 'Term 1', '2025-12-28', '0', '100'),
('12003', 'Tamil', 'Term 1', '2025-12-28', '0', '100'),
('12004', 'Computer Science', 'Term 1', '2025-12-28', '0', '100'),
('12004', 'English', 'Term 1', '2025-12-28', '0', '100'),
('12004', 'Environmental Studies', 'Term 1', '2025-12-28', '0', '100'),
('12004', 'Hindi', 'Term 1', '2025-12-28', '0', '100'),
('12004', 'Mathematics', 'Term 1', '2025-12-28', '0', '100'),
('12004', 'Science', 'Term 1', '2025-12-28', '0', '100'),
('12004', 'Social Science', 'Term 1', '2025-12-28', '0', '100'),
('12004', 'Tamil', 'Term 1', '2025-12-28', '0', '100'),
('12005', 'Computer Science', 'Term 1', '2025-12-28', '0', '100'),
('12005', 'English', 'Term 1', '2025-12-28', '0', '100'),
('12005', 'Environmental Studies', 'Term 1', '2025-12-28', '0', '100'),
('12005', 'Hindi', 'Term 1', '2025-12-28', '0', '100'),
('12005', 'Mathematics', 'Term 1', '2025-12-28', '0', '100'),
('12005', 'Science', 'Term 1', '2025-12-28', '0', '100'),
('12005', 'Social Science', 'Term 1', '2025-12-28', '0', '100'),
('12005', 'Tamil', 'Term 1', '2025-12-28', '0', '100'),
('12006', 'Computer Science', 'Term 1', '2025-12-28', '0', '100'),
('12006', 'English', 'Term 1', '2025-12-28', '0', '100'),
('12006', 'Environmental Studies', 'Term 1', '2025-12-28', '0', '100'),
('12006', 'Hindi', 'Term 1', '2025-12-28', '0', '100'),
('12006', 'Mathematics', 'Term 1', '2025-12-28', '0', '100'),
('12006', 'Science', 'Term 1', '2025-12-28', '0', '100'),
('12006', 'Social Science', 'Term 1', '2025-12-28', '0', '100'),
('12006', 'Tamil', 'Term 1', '2025-12-28', '0', '100'),
('12007', 'Computer Science', 'Term 1', '2025-12-28', '0', '100'),
('12007', 'English', 'Term 1', '2025-12-28', '0', '100'),
('12007', 'Environmental Studies', 'Term 1', '2025-12-28', '0', '100'),
('12007', 'Hindi', 'Term 1', '2025-12-28', '0', '100'),
('12007', 'Mathematics', 'Term 1', '2025-12-28', '0', '100'),
('12007', 'Science', 'Term 1', '2025-12-28', '0', '100'),
('12007', 'Social Science', 'Term 1', '2025-12-28', '0', '100'),
('12007', 'Tamil', 'Term 1', '2025-12-28', '0', '100'),
('12008', 'Computer Science', 'Term 1', '2025-12-28', '0', '100'),
('12008', 'English', 'Term 1', '2025-12-28', '0', '100'),
('12008', 'Environmental Studies', 'Term 1', '2025-12-28', '0', '100'),
('12008', 'Hindi', 'Term 1', '2025-12-28', '0', '100'),
('12008', 'Mathematics', 'Term 1', '2025-12-28', '0', '100'),
('12008', 'Science', 'Term 1', '2025-12-28', '0', '100'),
('12008', 'Social Science', 'Term 1', '2025-12-28', '0', '100'),
('12008', 'Tamil', 'Term 1', '2025-12-28', '0', '100'),
('12009', 'Computer Science', 'Term 1', '2025-12-28', '0', '100'),
('12009', 'English', 'Term 1', '2025-12-28', '0', '100'),
('12009', 'Environmental Studies', 'Term 1', '2025-12-28', '0', '100'),
('12009', 'Hindi', 'Term 1', '2025-12-28', '0', '100'),
('12009', 'Mathematics', 'Term 1', '2025-12-28', '0', '100'),
('12009', 'Science', 'Term 1', '2025-12-28', '0', '100'),
('12009', 'Social Science', 'Term 1', '2025-12-28', '0', '100'),
('12009', 'Tamil', 'Term 1', '2025-12-28', '0', '100'),
('12010', 'Computer Science', 'Term 1', '2025-12-28', '0', '100'),
('12010', 'English', 'Term 1', '2025-12-28', '0', '100'),
('12010', 'Environmental Studies', 'Term 1', '2025-12-28', '0', '100'),
('12010', 'Hindi', 'Term 1', '2025-12-28', '0', '100'),
('12010', 'Mathematics', 'Term 1', '2025-12-28', '0', '100'),
('12010', 'Science', 'Term 1', '2025-12-28', '0', '100'),
('12010', 'Social Science', 'Term 1', '2025-12-28', '0', '100'),
('12010', 'Tamil', 'Term 1', '2025-12-28', '0', '100'),
('12011', 'Computer Science', 'Term 1', '2025-12-28', '0', '100'),
('12011', 'English', 'Term 1', '2025-12-28', '0', '100'),
('12011', 'Environmental Studies', 'Term 1', '2025-12-28', '0', '100'),
('12011', 'Hindi', 'Term 1', '2025-12-28', '0', '100'),
('12011', 'Mathematics', 'Term 1', '2025-12-28', '0', '100'),
('12011', 'Science', 'Term 1', '2025-12-28', '0', '100'),
('12011', 'Social Science', 'Term 1', '2025-12-28', '0', '100'),
('12011', 'Tamil', 'Term 1', '2025-12-28', '0', '100'),
('12012', 'Computer Science', 'Term 1', '2025-12-28', '0', '100'),
('12012', 'English', 'Term 1', '2025-12-28', '0', '100'),
('12012', 'Environmental Studies', 'Term 1', '2025-12-28', '0', '100'),
('12012', 'Hindi', 'Term 1', '2025-12-28', '0', '100'),
('12012', 'Mathematics', 'Term 1', '2025-12-28', '0', '100'),
('12012', 'Science', 'Term 1', '2025-12-28', '0', '100'),
('12012', 'Social Science', 'Term 1', '2025-12-28', '0', '100'),
('12012', 'Tamil', 'Term 1', '2025-12-28', '0', '100'),
('12013', 'Computer Science', 'Term 1', '2025-12-28', '0', '100'),
('12013', 'English', 'Term 1', '2025-12-28', '0', '100'),
('12013', 'Environmental Studies', 'Term 1', '2025-12-28', '0', '100'),
('12013', 'Hindi', 'Term 1', '2025-12-28', '0', '100'),
('12013', 'Mathematics', 'Term 1', '2025-12-28', '0', '100'),
('12013', 'Science', 'Term 1', '2025-12-28', '0', '100'),
('12013', 'Social Science', 'Term 1', '2025-12-28', '0', '100'),
('12013', 'Tamil', 'Term 1', '2025-12-28', '0', '100'),
('12014', 'Computer Science', 'Term 1', '2025-12-28', '0', '100'),
('12014', 'English', 'Term 1', '2025-12-28', '0', '100'),
('12014', 'Environmental Studies', 'Term 1', '2025-12-28', '0', '100'),
('12014', 'Hindi', 'Term 1', '2025-12-28', '0', '100'),
('12014', 'Mathematics', 'Term 1', '2025-12-28', '0', '100'),
('12014', 'Science', 'Term 1', '2025-12-28', '0', '100'),
('12014', 'Social Science', 'Term 1', '2025-12-28', '0', '100'),
('12014', 'Tamil', 'Term 1', '2025-12-28', '0', '100'),
('12015', 'Computer Science', 'Term 1', '2025-12-28', '0', '100'),
('12015', 'English', 'Term 1', '2025-12-28', '0', '100'),
('12015', 'Environmental Studies', 'Term 1', '2025-12-28', '0', '100'),
('12015', 'Hindi', 'Term 1', '2025-12-28', '0', '100'),
('12015', 'Mathematics', 'Term 1', '2025-12-28', '0', '100'),
('12015', 'Science', 'Term 1', '2025-12-28', '0', '100'),
('12015', 'Social Science', 'Term 1', '2025-12-28', '0', '100'),
('12015', 'Tamil', 'Term 1', '2025-12-28', '0', '100'),
('12016', 'Computer Science', 'Term 1', '2025-12-28', '0', '100'),
('12016', 'English', 'Term 1', '2025-12-28', '0', '100'),
('12016', 'Environmental Studies', 'Term 1', '2025-12-28', '0', '100'),
('12016', 'Hindi', 'Term 1', '2025-12-28', '0', '100'),
('12016', 'Mathematics', 'Term 1', '2025-12-28', '0', '100'),
('12016', 'Science', 'Term 1', '2025-12-28', '0', '100'),
('12016', 'Social Science', 'Term 1', '2025-12-28', '0', '100'),
('12016', 'Tamil', 'Term 1', '2025-12-28', '0', '100'),
('12017', 'Computer Science', 'Term 1', '2025-12-28', '0', '100'),
('12017', 'English', 'Term 1', '2025-12-28', '0', '100'),
('12017', 'Environmental Studies', 'Term 1', '2025-12-28', '0', '100'),
('12017', 'Hindi', 'Term 1', '2025-12-28', '0', '100'),
('12017', 'Mathematics', 'Term 1', '2025-12-28', '0', '100'),
('12017', 'Science', 'Term 1', '2025-12-28', '0', '100'),
('12017', 'Social Science', 'Term 1', '2025-12-28', '0', '100'),
('12017', 'Tamil', 'Term 1', '2025-12-28', '0', '100'),
('12018', 'Computer Science', 'Term 1', '2025-12-28', '0', '100'),
('12018', 'English', 'Term 1', '2025-12-28', '0', '100'),
('12018', 'Environmental Studies', 'Term 1', '2025-12-28', '0', '100'),
('12018', 'Hindi', 'Term 1', '2025-12-28', '0', '100'),
('12018', 'Mathematics', 'Term 1', '2025-12-28', '0', '100'),
('12018', 'Science', 'Term 1', '2025-12-28', '0', '100'),
('12018', 'Social Science', 'Term 1', '2025-12-28', '0', '100'),
('12018', 'Tamil', 'Term 1', '2025-12-28', '0', '100'),
('12019', 'Computer Science', 'Term 1', '2025-12-28', '0', '100'),
('12019', 'English', 'Term 1', '2025-12-28', '0', '100'),
('12019', 'Environmental Studies', 'Term 1', '2025-12-28', '0', '100'),
('12019', 'Hindi', 'Term 1', '2025-12-28', '0', '100'),
('12019', 'Mathematics', 'Term 1', '2025-12-28', '0', '100'),
('12019', 'Science', 'Term 1', '2025-12-28', '0', '100'),
('12019', 'Social Science', 'Term 1', '2025-12-28', '0', '100'),
('12019', 'Tamil', 'Term 1', '2025-12-28', '0', '100'),
('12020', 'Computer Science', 'Term 1', '2025-12-28', '0', '100'),
('12020', 'English', 'Term 1', '2025-12-28', '0', '100'),
('12020', 'Environmental Studies', 'Term 1', '2025-12-28', '0', '100'),
('12020', 'Hindi', 'Term 1', '2025-12-28', '0', '100'),
('12020', 'Mathematics', 'Term 1', '2025-12-28', '0', '100'),
('12020', 'Science', 'Term 1', '2025-12-28', '0', '100'),
('12020', 'Social Science', 'Term 1', '2025-12-28', '0', '100'),
('12020', 'Tamil', 'Term 1', '2025-12-28', '0', '100'),
('12021', 'Computer Science', 'Term 1', '2025-12-28', '0', '100'),
('12021', 'English', 'Term 1', '2025-12-28', '0', '100'),
('12021', 'Environmental Studies', 'Term 1', '2025-12-28', '0', '100'),
('12021', 'Hindi', 'Term 1', '2025-12-28', '0', '100'),
('12021', 'Mathematics', 'Term 1', '2025-12-28', '0', '100'),
('12021', 'Science', 'Term 1', '2025-12-28', '0', '100'),
('12021', 'Social Science', 'Term 1', '2025-12-28', '0', '100'),
('12021', 'Tamil', 'Term 1', '2025-12-28', '0', '100'),
('12022', 'Computer Science', 'Term 1', '2025-12-28', '0', '100'),
('12022', 'English', 'Term 1', '2025-12-28', '0', '100'),
('12022', 'Environmental Studies', 'Term 1', '2025-12-28', '0', '100'),
('12022', 'Hindi', 'Term 1', '2025-12-28', '0', '100'),
('12022', 'Mathematics', 'Term 1', '2025-12-28', '0', '100'),
('12022', 'Science', 'Term 1', '2025-12-28', '0', '100'),
('12022', 'Social Science', 'Term 1', '2025-12-28', '0', '100'),
('12022', 'Tamil', 'Term 1', '2025-12-28', '0', '100'),
('12023', 'Computer Science', 'Term 1', '2025-12-28', '0', '100'),
('12023', 'English', 'Term 1', '2025-12-28', '0', '100'),
('12023', 'Environmental Studies', 'Term 1', '2025-12-28', '0', '100'),
('12023', 'Hindi', 'Term 1', '2025-12-28', '0', '100'),
('12023', 'Mathematics', 'Term 1', '2025-12-28', '0', '100'),
('12023', 'Science', 'Term 1', '2025-12-28', '0', '100'),
('12023', 'Social Science', 'Term 1', '2025-12-28', '0', '100'),
('12023', 'Tamil', 'Term 1', '2025-12-28', '0', '100'),
('12024', 'Computer Science', 'Term 1', '2025-12-28', '0', '100'),
('12024', 'English', 'Term 1', '2025-12-28', '0', '100'),
('12024', 'Environmental Studies', 'Term 1', '2025-12-28', '0', '100'),
('12024', 'Hindi', 'Term 1', '2025-12-28', '0', '100'),
('12024', 'Mathematics', 'Term 1', '2025-12-28', '0', '100'),
('12024', 'Science', 'Term 1', '2025-12-28', '0', '100'),
('12024', 'Social Science', 'Term 1', '2025-12-28', '0', '100'),
('12024', 'Tamil', 'Term 1', '2025-12-28', '0', '100'),
('12025', 'Computer Science', 'Term 1', '2025-12-28', '0', '100'),
('12025', 'English', 'Term 1', '2025-12-28', '0', '100'),
('12025', 'Environmental Studies', 'Term 1', '2025-12-28', '0', '100'),
('12025', 'Hindi', 'Term 1', '2025-12-28', '0', '100'),
('12025', 'Mathematics', 'Term 1', '2025-12-28', '0', '100'),
('12025', 'Science', 'Term 1', '2025-12-28', '0', '100'),
('12025', 'Social Science', 'Term 1', '2025-12-28', '0', '100'),
('12025', 'Tamil', 'Term 1', '2025-12-28', '0', '100'),
('12026', 'Computer Science', 'Term 1', '2025-12-28', '0', '100'),
('12026', 'English', 'Term 1', '2025-12-28', '0', '100'),
('12026', 'Environmental Studies', 'Term 1', '2025-12-28', '0', '100'),
('12026', 'Hindi', 'Term 1', '2025-12-28', '0', '100'),
('12026', 'Mathematics', 'Term 1', '2025-12-28', '0', '100'),
('12026', 'Science', 'Term 1', '2025-12-28', '0', '100'),
('12026', 'Social Science', 'Term 1', '2025-12-28', '0', '100'),
('12026', 'Tamil', 'Term 1', '2025-12-28', '0', '100'),
('12027', 'Computer Science', 'Term 1', '2025-12-28', '0', '100'),
('12027', 'English', 'Term 1', '2025-12-28', '0', '100'),
('12027', 'Environmental Studies', 'Term 1', '2025-12-28', '0', '100'),
('12027', 'Hindi', 'Term 1', '2025-12-28', '0', '100'),
('12027', 'Mathematics', 'Term 1', '2025-12-28', '0', '100'),
('12027', 'Science', 'Term 1', '2025-12-28', '0', '100'),
('12027', 'Social Science', 'Term 1', '2025-12-28', '0', '100'),
('12027', 'Tamil', 'Term 1', '2025-12-28', '0', '100'),
('12028', 'Computer Science', 'Term 1', '2025-12-28', '0', '100'),
('12028', 'English', 'Term 1', '2025-12-28', '0', '100'),
('12028', 'Environmental Studies', 'Term 1', '2025-12-28', '0', '100'),
('12028', 'Hindi', 'Term 1', '2025-12-28', '0', '100'),
('12028', 'Mathematics', 'Term 1', '2025-12-28', '0', '100'),
('12028', 'Science', 'Term 1', '2025-12-28', '0', '100'),
('12028', 'Social Science', 'Term 1', '2025-12-28', '0', '100'),
('12028', 'Tamil', 'Term 1', '2025-12-28', '0', '100'),
('12029', 'Computer Science', 'Term 1', '2025-12-28', '0', '100'),
('12029', 'English', 'Term 1', '2025-12-28', '0', '100'),
('12029', 'Environmental Studies', 'Term 1', '2025-12-28', '0', '100'),
('12029', 'Hindi', 'Term 1', '2025-12-28', '0', '100'),
('12029', 'Mathematics', 'Term 1', '2025-12-28', '0', '100'),
('12029', 'Science', 'Term 1', '2025-12-28', '0', '100'),
('12029', 'Social Science', 'Term 1', '2025-12-28', '0', '100'),
('12029', 'Tamil', 'Term 1', '2025-12-28', '0', '100'),
('12030', 'Computer Science', 'Term 1', '2025-12-28', '0', '100'),
('12030', 'English', 'Term 1', '2025-12-28', '0', '100'),
('12030', 'Environmental Studies', 'Term 1', '2025-12-28', '0', '100'),
('12030', 'Hindi', 'Term 1', '2025-12-28', '0', '100'),
('12030', 'Mathematics', 'Term 1', '2025-12-28', '0', '100'),
('12030', 'Science', 'Term 1', '2025-12-28', '0', '100'),
('12030', 'Social Science', 'Term 1', '2025-12-28', '0', '100'),
('12030', 'Tamil', 'Term 1', '2025-12-28', '0', '100'),
('12031', 'Computer Science', 'Term 1', '2025-12-28', '0', '100'),
('12031', 'English', 'Term 1', '2025-12-28', '0', '100'),
('12031', 'Environmental Studies', 'Term 1', '2025-12-28', '0', '100'),
('12031', 'Hindi', 'Term 1', '2025-12-28', '0', '100'),
('12031', 'Mathematics', 'Term 1', '2025-12-28', '0', '100'),
('12031', 'Science', 'Term 1', '2025-12-28', '0', '100'),
('12031', 'Social Science', 'Term 1', '2025-12-28', '0', '100'),
('12031', 'Tamil', 'Term 1', '2025-12-28', '0', '100'),
('12032', 'Computer Science', 'Term 1', '2025-12-28', '0', '100'),
('12032', 'English', 'Term 1', '2025-12-28', '0', '100'),
('12032', 'Environmental Studies', 'Term 1', '2025-12-28', '0', '100'),
('12032', 'Hindi', 'Term 1', '2025-12-28', '0', '100'),
('12032', 'Mathematics', 'Term 1', '2025-12-28', '0', '100'),
('12032', 'Science', 'Term 1', '2025-12-28', '0', '100'),
('12032', 'Social Science', 'Term 1', '2025-12-28', '0', '100'),
('12032', 'Tamil', 'Term 1', '2025-12-28', '0', '100'),
('12033', 'Computer Science', 'Term 1', '2025-12-28', '0', '100'),
('12033', 'English', 'Term 1', '2025-12-28', '0', '100'),
('12033', 'Environmental Studies', 'Term 1', '2025-12-28', '0', '100'),
('12033', 'Hindi', 'Term 1', '2025-12-28', '0', '100'),
('12033', 'Mathematics', 'Term 1', '2025-12-28', '0', '100'),
('12033', 'Science', 'Term 1', '2025-12-28', '0', '100'),
('12033', 'Social Science', 'Term 1', '2025-12-28', '0', '100'),
('12033', 'Tamil', 'Term 1', '2025-12-28', '0', '100'),
('12034', 'Computer Science', 'Term 1', '2025-12-28', '0', '100'),
('12034', 'English', 'Term 1', '2025-12-28', '0', '100'),
('12034', 'Environmental Studies', 'Term 1', '2025-12-28', '0', '100'),
('12034', 'Hindi', 'Term 1', '2025-12-28', '0', '100'),
('12034', 'Mathematics', 'Term 1', '2025-12-28', '0', '100'),
('12034', 'Science', 'Term 1', '2025-12-28', '0', '100'),
('12034', 'Social Science', 'Term 1', '2025-12-28', '0', '100'),
('12034', 'Tamil', 'Term 1', '2025-12-28', '0', '100'),
('12035', 'Computer Science', 'Term 1', '2025-12-28', '0', '100'),
('12035', 'English', 'Term 1', '2025-12-28', '0', '100'),
('12035', 'Environmental Studies', 'Term 1', '2025-12-28', '0', '100'),
('12035', 'Hindi', 'Term 1', '2025-12-28', '0', '100'),
('12035', 'Mathematics', 'Term 1', '2025-12-28', '0', '100'),
('12035', 'Science', 'Term 1', '2025-12-28', '0', '100'),
('12035', 'Social Science', 'Term 1', '2025-12-28', '0', '100'),
('12035', 'Tamil', 'Term 1', '2025-12-28', '0', '100'),
('12036', 'Computer Science', 'Term 1', '2025-12-28', '0', '100'),
('12036', 'English', 'Term 1', '2025-12-28', '0', '100'),
('12036', 'Environmental Studies', 'Term 1', '2025-12-28', '0', '100'),
('12036', 'Hindi', 'Term 1', '2025-12-28', '0', '100'),
('12036', 'Mathematics', 'Term 1', '2025-12-28', '0', '100'),
('12036', 'Science', 'Term 1', '2025-12-28', '0', '100'),
('12036', 'Social Science', 'Term 1', '2025-12-28', '0', '100'),
('12036', 'Tamil', 'Term 1', '2025-12-28', '0', '100'),
('12037', 'Computer Science', 'Term 1', '2025-12-28', '0', '100'),
('12037', 'English', 'Term 1', '2025-12-28', '0', '100'),
('12037', 'Environmental Studies', 'Term 1', '2025-12-28', '0', '100'),
('12037', 'Hindi', 'Term 1', '2025-12-28', '0', '100'),
('12037', 'Mathematics', 'Term 1', '2025-12-28', '0', '100'),
('12037', 'Science', 'Term 1', '2025-12-28', '0', '100'),
('12037', 'Social Science', 'Term 1', '2025-12-28', '0', '100'),
('12037', 'Tamil', 'Term 1', '2025-12-28', '0', '100'),
('12038', 'Computer Science', 'Term 1', '2025-12-28', '0', '100'),
('12038', 'English', 'Term 1', '2025-12-28', '0', '100'),
('12038', 'Environmental Studies', 'Term 1', '2025-12-28', '0', '100'),
('12038', 'Hindi', 'Term 1', '2025-12-28', '0', '100'),
('12038', 'Mathematics', 'Term 1', '2025-12-28', '0', '100'),
('12038', 'Science', 'Term 1', '2025-12-28', '0', '100'),
('12038', 'Social Science', 'Term 1', '2025-12-28', '0', '100'),
('12038', 'Tamil', 'Term 1', '2025-12-28', '0', '100'),
('12039', 'Computer Science', 'Term 1', '2025-12-28', '0', '100'),
('12039', 'English', 'Term 1', '2025-12-28', '0', '100'),
('12039', 'Environmental Studies', 'Term 1', '2025-12-28', '0', '100'),
('12039', 'Hindi', 'Term 1', '2025-12-28', '0', '100'),
('12039', 'Mathematics', 'Term 1', '2025-12-28', '0', '100'),
('12039', 'Science', 'Term 1', '2025-12-28', '0', '100'),
('12039', 'Social Science', 'Term 1', '2025-12-28', '0', '100'),
('12039', 'Tamil', 'Term 1', '2025-12-28', '0', '100'),
('12040', 'Computer Science', 'Term 1', '2025-12-28', '0', '100'),
('12040', 'English', 'Term 1', '2025-12-28', '0', '100'),
('12040', 'Environmental Studies', 'Term 1', '2025-12-28', '0', '100'),
('12040', 'Hindi', 'Term 1', '2025-12-28', '0', '100'),
('12040', 'Mathematics', 'Term 1', '2025-12-28', '0', '100'),
('12040', 'Science', 'Term 1', '2025-12-28', '0', '100'),
('12040', 'Social Science', 'Term 1', '2025-12-28', '0', '100'),
('12040', 'Tamil', 'Term 1', '2025-12-28', '0', '100'),
('12041', 'Computer Science', 'Term 1', '2025-12-28', '0', '100'),
('12041', 'English', 'Term 1', '2025-12-28', '0', '100'),
('12041', 'Environmental Studies', 'Term 1', '2025-12-28', '0', '100'),
('12041', 'Hindi', 'Term 1', '2025-12-28', '0', '100'),
('12041', 'Mathematics', 'Term 1', '2025-12-28', '0', '100'),
('12041', 'Science', 'Term 1', '2025-12-28', '0', '100'),
('12041', 'Social Science', 'Term 1', '2025-12-28', '0', '100'),
('12041', 'Tamil', 'Term 1', '2025-12-28', '0', '100'),
('12042', 'Computer Science', 'Term 1', '2025-12-28', '0', '100'),
('12042', 'English', 'Term 1', '2025-12-28', '0', '100'),
('12042', 'Environmental Studies', 'Term 1', '2025-12-28', '0', '100'),
('12042', 'Hindi', 'Term 1', '2025-12-28', '0', '100'),
('12042', 'Mathematics', 'Term 1', '2025-12-28', '0', '100'),
('12042', 'Science', 'Term 1', '2025-12-28', '0', '100'),
('12042', 'Social Science', 'Term 1', '2025-12-28', '0', '100'),
('12042', 'Tamil', 'Term 1', '2025-12-28', '0', '100'),
('12043', 'Computer Science', 'Term 1', '2025-12-28', '0', '100'),
('12043', 'English', 'Term 1', '2025-12-28', '0', '100'),
('12043', 'Environmental Studies', 'Term 1', '2025-12-28', '0', '100'),
('12043', 'Hindi', 'Term 1', '2025-12-28', '0', '100'),
('12043', 'Mathematics', 'Term 1', '2025-12-28', '0', '100'),
('12043', 'Science', 'Term 1', '2025-12-28', '0', '100'),
('12043', 'Social Science', 'Term 1', '2025-12-28', '0', '100'),
('12043', 'Tamil', 'Term 1', '2025-12-28', '0', '100'),
('12044', 'Computer Science', 'Term 1', '2025-12-28', '0', '100'),
('12044', 'English', 'Term 1', '2025-12-28', '0', '100'),
('12044', 'Environmental Studies', 'Term 1', '2025-12-28', '0', '100'),
('12044', 'Hindi', 'Term 1', '2025-12-28', '0', '100'),
('12044', 'Mathematics', 'Term 1', '2025-12-28', '0', '100'),
('12044', 'Science', 'Term 1', '2025-12-28', '0', '100'),
('12044', 'Social Science', 'Term 1', '2025-12-28', '0', '100'),
('12044', 'Tamil', 'Term 1', '2025-12-28', '0', '100'),
('12045', 'Computer Science', 'Term 1', '2025-12-28', '0', '100'),
('12045', 'English', 'Term 1', '2025-12-28', '0', '100'),
('12045', 'Environmental Studies', 'Term 1', '2025-12-28', '0', '100'),
('12045', 'Hindi', 'Term 1', '2025-12-28', '0', '100'),
('12045', 'Mathematics', 'Term 1', '2025-12-28', '0', '100'),
('12045', 'Science', 'Term 1', '2025-12-28', '0', '100'),
('12045', 'Social Science', 'Term 1', '2025-12-28', '0', '100'),
('12045', 'Tamil', 'Term 1', '2025-12-28', '0', '100'),
('12046', 'Computer Science', 'Term 1', '2025-12-28', '0', '100'),
('12046', 'English', 'Term 1', '2025-12-28', '0', '100'),
('12046', 'Environmental Studies', 'Term 1', '2025-12-28', '0', '100'),
('12046', 'Hindi', 'Term 1', '2025-12-28', '0', '100'),
('12046', 'Mathematics', 'Term 1', '2025-12-28', '0', '100'),
('12046', 'Science', 'Term 1', '2025-12-28', '0', '100'),
('12046', 'Social Science', 'Term 1', '2025-12-28', '0', '100'),
('12046', 'Tamil', 'Term 1', '2025-12-28', '0', '100'),
('12047', 'Computer Science', 'Term 1', '2025-12-28', '0', '100'),
('12047', 'English', 'Term 1', '2025-12-28', '0', '100'),
('12047', 'Environmental Studies', 'Term 1', '2025-12-28', '0', '100'),
('12047', 'Hindi', 'Term 1', '2025-12-28', '0', '100'),
('12047', 'Mathematics', 'Term 1', '2025-12-28', '0', '100'),
('12047', 'Science', 'Term 1', '2025-12-28', '0', '100'),
('12047', 'Social Science', 'Term 1', '2025-12-28', '0', '100'),
('12047', 'Tamil', 'Term 1', '2025-12-28', '0', '100'),
('12048', 'Computer Science', 'Term 1', '2025-12-28', '0', '100'),
('12048', 'English', 'Term 1', '2025-12-28', '0', '100'),
('12048', 'Environmental Studies', 'Term 1', '2025-12-28', '0', '100'),
('12048', 'Hindi', 'Term 1', '2025-12-28', '0', '100'),
('12048', 'Mathematics', 'Term 1', '2025-12-28', '0', '100'),
('12048', 'Science', 'Term 1', '2025-12-28', '0', '100'),
('12048', 'Social Science', 'Term 1', '2025-12-28', '0', '100'),
('12048', 'Tamil', 'Term 1', '2025-12-28', '0', '100'),
('12049', 'Computer Science', 'Term 1', '2025-12-28', '0', '100'),
('12049', 'English', 'Term 1', '2025-12-28', '0', '100'),
('12049', 'Environmental Studies', 'Term 1', '2025-12-28', '0', '100'),
('12049', 'Hindi', 'Term 1', '2025-12-28', '0', '100'),
('12049', 'Mathematics', 'Term 1', '2025-12-28', '0', '100'),
('12049', 'Science', 'Term 1', '2025-12-28', '0', '100'),
('12049', 'Social Science', 'Term 1', '2025-12-28', '0', '100'),
('12049', 'Tamil', 'Term 1', '2025-12-28', '0', '100'),
('12050', 'Computer Science', 'Term 1', '2025-12-28', '0', '100'),
('12050', 'English', 'Term 1', '2025-12-28', '0', '100'),
('12050', 'Environmental Studies', 'Term 1', '2025-12-28', '0', '100'),
('12050', 'Hindi', 'Term 1', '2025-12-28', '0', '100'),
('12050', 'Mathematics', 'Term 1', '2025-12-28', '0', '100'),
('12050', 'Science', 'Term 1', '2025-12-28', '0', '100'),
('12050', 'Social Science', 'Term 1', '2025-12-28', '0', '100'),
('12050', 'Tamil', 'Term 1', '2025-12-28', '0', '100'),
('12051', 'Computer Science', 'Term 1', '2025-12-28', '0', '100'),
('12051', 'English', 'Term 1', '2025-12-28', '0', '100'),
('12051', 'Environmental Studies', 'Term 1', '2025-12-28', '0', '100'),
('12051', 'Hindi', 'Term 1', '2025-12-28', '0', '100'),
('12051', 'Mathematics', 'Term 1', '2025-12-28', '0', '100'),
('12051', 'Science', 'Term 1', '2025-12-28', '0', '100'),
('12051', 'Social Science', 'Term 1', '2025-12-28', '0', '100'),
('12051', 'Tamil', 'Term 1', '2025-12-28', '0', '100'),
('12052', 'Computer Science', 'Term 1', '2025-12-28', '0', '100'),
('12052', 'English', 'Term 1', '2025-12-28', '0', '100'),
('12052', 'Environmental Studies', 'Term 1', '2025-12-28', '0', '100'),
('12052', 'Hindi', 'Term 1', '2025-12-28', '0', '100'),
('12052', 'Mathematics', 'Term 1', '2025-12-28', '0', '100'),
('12052', 'Science', 'Term 1', '2025-12-28', '0', '100'),
('12052', 'Social Science', 'Term 1', '2025-12-28', '0', '100'),
('12052', 'Tamil', 'Term 1', '2025-12-28', '0', '100'),
('12053', 'Computer Science', 'Term 1', '2025-12-28', '0', '100'),
('12053', 'English', 'Term 1', '2025-12-28', '0', '100'),
('12053', 'Environmental Studies', 'Term 1', '2025-12-28', '0', '100'),
('12053', 'Hindi', 'Term 1', '2025-12-28', '0', '100'),
('12053', 'Mathematics', 'Term 1', '2025-12-28', '0', '100'),
('12053', 'Science', 'Term 1', '2025-12-28', '0', '100'),
('12053', 'Social Science', 'Term 1', '2025-12-28', '0', '100'),
('12053', 'Tamil', 'Term 1', '2025-12-28', '0', '100'),
('12054', 'Computer Science', 'Term 1', '2025-12-28', '0', '100'),
('12054', 'English', 'Term 1', '2025-12-28', '0', '100'),
('12054', 'Environmental Studies', 'Term 1', '2025-12-28', '0', '100'),
('12054', 'Hindi', 'Term 1', '2025-12-28', '0', '100'),
('12054', 'Mathematics', 'Term 1', '2025-12-28', '0', '100'),
('12054', 'Science', 'Term 1', '2025-12-28', '0', '100'),
('12054', 'Social Science', 'Term 1', '2025-12-28', '0', '100'),
('12054', 'Tamil', 'Term 1', '2025-12-28', '0', '100'),
('12055', 'Computer Science', 'Term 1', '2025-12-28', '0', '100'),
('12055', 'English', 'Term 1', '2025-12-28', '0', '100'),
('12055', 'Environmental Studies', 'Term 1', '2025-12-28', '0', '100'),
('12055', 'Hindi', 'Term 1', '2025-12-28', '0', '100'),
('12055', 'Mathematics', 'Term 1', '2025-12-28', '0', '100'),
('12055', 'Science', 'Term 1', '2025-12-28', '0', '100'),
('12055', 'Social Science', 'Term 1', '2025-12-28', '0', '100'),
('12055', 'Tamil', 'Term 1', '2025-12-28', '0', '100'),
('12056', 'Computer Science', 'Term 1', '2025-12-28', '0', '100'),
('12056', 'English', 'Term 1', '2025-12-28', '0', '100'),
('12056', 'Environmental Studies', 'Term 1', '2025-12-28', '0', '100'),
('12056', 'Hindi', 'Term 1', '2025-12-28', '0', '100'),
('12056', 'Mathematics', 'Term 1', '2025-12-28', '0', '100'),
('12056', 'Science', 'Term 1', '2025-12-28', '0', '100'),
('12056', 'Social Science', 'Term 1', '2025-12-28', '0', '100'),
('12056', 'Tamil', 'Term 1', '2025-12-28', '0', '100'),
('12057', 'Computer Science', 'Term 1', '2025-12-28', '0', '100'),
('12057', 'English', 'Term 1', '2025-12-28', '0', '100'),
('12057', 'Environmental Studies', 'Term 1', '2025-12-28', '0', '100'),
('12057', 'Hindi', 'Term 1', '2025-12-28', '0', '100'),
('12057', 'Mathematics', 'Term 1', '2025-12-28', '0', '100'),
('12057', 'Science', 'Term 1', '2025-12-28', '0', '100'),
('12057', 'Social Science', 'Term 1', '2025-12-28', '0', '100'),
('12057', 'Tamil', 'Term 1', '2025-12-28', '0', '100'),
('12058', 'Computer Science', 'Term 1', '2025-12-28', '0', '100'),
('12058', 'English', 'Term 1', '2025-12-28', '0', '100'),
('12058', 'Environmental Studies', 'Term 1', '2025-12-28', '0', '100'),
('12058', 'Hindi', 'Term 1', '2025-12-28', '0', '100'),
('12058', 'Mathematics', 'Term 1', '2025-12-28', '0', '100'),
('12058', 'Science', 'Term 1', '2025-12-28', '0', '100'),
('12058', 'Social Science', 'Term 1', '2025-12-28', '0', '100'),
('12058', 'Tamil', 'Term 1', '2025-12-28', '0', '100'),
('12059', 'Computer Science', 'Term 1', '2025-12-28', '0', '100'),
('12059', 'English', 'Term 1', '2025-12-28', '0', '100'),
('12059', 'Environmental Studies', 'Term 1', '2025-12-28', '0', '100'),
('12059', 'Hindi', 'Term 1', '2025-12-28', '0', '100'),
('12059', 'Mathematics', 'Term 1', '2025-12-28', '0', '100'),
('12059', 'Science', 'Term 1', '2025-12-28', '0', '100'),
('12059', 'Social Science', 'Term 1', '2025-12-28', '0', '100'),
('12059', 'Tamil', 'Term 1', '2025-12-28', '0', '100'),
('12060', 'Computer Science', 'Term 1', '2025-12-28', '0', '100'),
('12060', 'English', 'Term 1', '2025-12-28', '0', '100'),
('12060', 'Environmental Studies', 'Term 1', '2025-12-28', '0', '100'),
('12060', 'Hindi', 'Term 1', '2025-12-28', '0', '100'),
('12060', 'Mathematics', 'Term 1', '2025-12-28', '0', '100'),
('12060', 'Science', 'Term 1', '2025-12-28', '0', '100'),
('12060', 'Social Science', 'Term 1', '2025-12-28', '0', '100'),
('12060', 'Tamil', 'Term 1', '2025-12-28', '0', '100'),
('12061', 'Computer Science', 'Term 1', '2025-12-28', '0', '100'),
('12061', 'English', 'Term 1', '2025-12-28', '0', '100'),
('12061', 'Environmental Studies', 'Term 1', '2025-12-28', '0', '100'),
('12061', 'Hindi', 'Term 1', '2025-12-28', '0', '100'),
('12061', 'Mathematics', 'Term 1', '2025-12-28', '0', '100'),
('12061', 'Science', 'Term 1', '2025-12-28', '0', '100'),
('12061', 'Social Science', 'Term 1', '2025-12-28', '0', '100'),
('12061', 'Tamil', 'Term 1', '2025-12-28', '0', '100'),
('12062', 'Computer Science', 'Term 1', '2025-12-28', '0', '100'),
('12062', 'English', 'Term 1', '2025-12-28', '0', '100'),
('12062', 'Environmental Studies', 'Term 1', '2025-12-28', '0', '100'),
('12062', 'Hindi', 'Term 1', '2025-12-28', '0', '100'),
('12062', 'Mathematics', 'Term 1', '2025-12-28', '0', '100'),
('12062', 'Science', 'Term 1', '2025-12-28', '0', '100'),
('12062', 'Social Science', 'Term 1', '2025-12-28', '0', '100'),
('12062', 'Tamil', 'Term 1', '2025-12-28', '0', '100'),
('12063', 'Computer Science', 'Term 1', '2025-12-28', '0', '100'),
('12063', 'English', 'Term 1', '2025-12-28', '0', '100'),
('12063', 'Environmental Studies', 'Term 1', '2025-12-28', '0', '100'),
('12063', 'Hindi', 'Term 1', '2025-12-28', '0', '100'),
('12063', 'Mathematics', 'Term 1', '2025-12-28', '0', '100'),
('12063', 'Science', 'Term 1', '2025-12-28', '0', '100'),
('12063', 'Social Science', 'Term 1', '2025-12-28', '0', '100'),
('12063', 'Tamil', 'Term 1', '2025-12-28', '0', '100'),
('12064', 'Computer Science', 'Term 1', '2025-12-28', '0', '100'),
('12064', 'English', 'Term 1', '2025-12-28', '0', '100'),
('12064', 'Environmental Studies', 'Term 1', '2025-12-28', '0', '100'),
('12064', 'Hindi', 'Term 1', '2025-12-28', '0', '100'),
('12064', 'Mathematics', 'Term 1', '2025-12-28', '0', '100'),
('12064', 'Science', 'Term 1', '2025-12-28', '0', '100'),
('12064', 'Social Science', 'Term 1', '2025-12-28', '0', '100'),
('12064', 'Tamil', 'Term 1', '2025-12-28', '0', '100'),
('12065', 'Computer Science', 'Term 1', '2025-12-28', '0', '100'),
('12065', 'English', 'Term 1', '2025-12-28', '0', '100'),
('12065', 'Environmental Studies', 'Term 1', '2025-12-28', '0', '100'),
('12065', 'Hindi', 'Term 1', '2025-12-28', '0', '100'),
('12065', 'Mathematics', 'Term 1', '2025-12-28', '0', '100'),
('12065', 'Science', 'Term 1', '2025-12-28', '0', '100'),
('12065', 'Social Science', 'Term 1', '2025-12-28', '0', '100'),
('12065', 'Tamil', 'Term 1', '2025-12-28', '0', '100'),
('12066', 'Computer Science', 'Term 1', '2025-12-28', '0', '100'),
('12066', 'English', 'Term 1', '2025-12-28', '0', '100'),
('12066', 'Environmental Studies', 'Term 1', '2025-12-28', '0', '100'),
('12066', 'Hindi', 'Term 1', '2025-12-28', '0', '100'),
('12066', 'Mathematics', 'Term 1', '2025-12-28', '0', '100'),
('12066', 'Science', 'Term 1', '2025-12-28', '0', '100'),
('12066', 'Social Science', 'Term 1', '2025-12-28', '0', '100'),
('12066', 'Tamil', 'Term 1', '2025-12-28', '0', '100'),
('12067', 'Computer Science', 'Term 1', '2025-12-28', '0', '100'),
('12067', 'English', 'Term 1', '2025-12-28', '0', '100'),
('12067', 'Environmental Studies', 'Term 1', '2025-12-28', '0', '100'),
('12067', 'Hindi', 'Term 1', '2025-12-28', '0', '100'),
('12067', 'Mathematics', 'Term 1', '2025-12-28', '0', '100'),
('12067', 'Science', 'Term 1', '2025-12-28', '0', '100'),
('12067', 'Social Science', 'Term 1', '2025-12-28', '0', '100'),
('12067', 'Tamil', 'Term 1', '2025-12-28', '0', '100'),
('12068', 'Computer Science', 'Term 1', '2025-12-28', '0', '100'),
('12068', 'English', 'Term 1', '2025-12-28', '0', '100'),
('12068', 'Environmental Studies', 'Term 1', '2025-12-28', '0', '100'),
('12068', 'Hindi', 'Term 1', '2025-12-28', '0', '100'),
('12068', 'Mathematics', 'Term 1', '2025-12-28', '0', '100'),
('12068', 'Science', 'Term 1', '2025-12-28', '0', '100'),
('12068', 'Social Science', 'Term 1', '2025-12-28', '0', '100'),
('12068', 'Tamil', 'Term 1', '2025-12-28', '0', '100'),
('12069', 'Computer Science', 'Term 1', '2025-12-28', '0', '100'),
('12069', 'English', 'Term 1', '2025-12-28', '0', '100'),
('12069', 'Environmental Studies', 'Term 1', '2025-12-28', '0', '100'),
('12069', 'Hindi', 'Term 1', '2025-12-28', '0', '100'),
('12069', 'Mathematics', 'Term 1', '2025-12-28', '0', '100'),
('12069', 'Science', 'Term 1', '2025-12-28', '0', '100'),
('12069', 'Social Science', 'Term 1', '2025-12-28', '0', '100'),
('12069', 'Tamil', 'Term 1', '2025-12-28', '0', '100'),
('12070', 'Computer Science', 'Term 1', '2025-12-28', '0', '100'),
('12070', 'English', 'Term 1', '2025-12-28', '0', '100'),
('12070', 'Environmental Studies', 'Term 1', '2025-12-28', '0', '100'),
('12070', 'Hindi', 'Term 1', '2025-12-28', '0', '100'),
('12070', 'Mathematics', 'Term 1', '2025-12-28', '0', '100'),
('12070', 'Science', 'Term 1', '2025-12-28', '0', '100'),
('12070', 'Social Science', 'Term 1', '2025-12-28', '0', '100'),
('12070', 'Tamil', 'Term 1', '2025-12-28', '0', '100'),
('12071', 'Computer Science', 'Term 1', '2025-12-28', '0', '100'),
('12071', 'English', 'Term 1', '2025-12-28', '0', '100'),
('12071', 'Environmental Studies', 'Term 1', '2025-12-28', '0', '100'),
('12071', 'Hindi', 'Term 1', '2025-12-28', '0', '100'),
('12071', 'Mathematics', 'Term 1', '2025-12-28', '0', '100'),
('12071', 'Science', 'Term 1', '2025-12-28', '0', '100'),
('12071', 'Social Science', 'Term 1', '2025-12-28', '0', '100'),
('12071', 'Tamil', 'Term 1', '2025-12-28', '0', '100'),
('12072', 'Computer Science', 'Term 1', '2025-12-28', '0', '100'),
('12072', 'English', 'Term 1', '2025-12-28', '0', '100'),
('12072', 'Environmental Studies', 'Term 1', '2025-12-28', '0', '100'),
('12072', 'Hindi', 'Term 1', '2025-12-28', '0', '100'),
('12072', 'Mathematics', 'Term 1', '2025-12-28', '0', '100'),
('12072', 'Science', 'Term 1', '2025-12-28', '0', '100'),
('12072', 'Social Science', 'Term 1', '2025-12-28', '0', '100'),
('12072', 'Tamil', 'Term 1', '2025-12-28', '0', '100'),
('12073', 'Computer Science', 'Term 1', '2025-12-28', '0', '100'),
('12073', 'English', 'Term 1', '2025-12-28', '0', '100'),
('12073', 'Environmental Studies', 'Term 1', '2025-12-28', '0', '100'),
('12073', 'Hindi', 'Term 1', '2025-12-28', '0', '100'),
('12073', 'Mathematics', 'Term 1', '2025-12-28', '0', '100'),
('12073', 'Science', 'Term 1', '2025-12-28', '0', '100'),
('12073', 'Social Science', 'Term 1', '2025-12-28', '0', '100'),
('12073', 'Tamil', 'Term 1', '2025-12-28', '0', '100'),
('12074', 'Computer Science', 'Term 1', '2025-12-28', '0', '100'),
('12074', 'English', 'Term 1', '2025-12-28', '0', '100'),
('12074', 'Environmental Studies', 'Term 1', '2025-12-28', '0', '100'),
('12074', 'Hindi', 'Term 1', '2025-12-28', '0', '100'),
('12074', 'Mathematics', 'Term 1', '2025-12-28', '0', '100'),
('12074', 'Science', 'Term 1', '2025-12-28', '0', '100'),
('12074', 'Social Science', 'Term 1', '2025-12-28', '0', '100'),
('12074', 'Tamil', 'Term 1', '2025-12-28', '0', '100'),
('12075', 'Computer Science', 'Term 1', '2025-12-28', '0', '100'),
('12075', 'English', 'Term 1', '2025-12-28', '0', '100'),
('12075', 'Environmental Studies', 'Term 1', '2025-12-28', '0', '100'),
('12075', 'Hindi', 'Term 1', '2025-12-28', '0', '100'),
('12075', 'Mathematics', 'Term 1', '2025-12-28', '0', '100'),
('12075', 'Science', 'Term 1', '2025-12-28', '0', '100'),
('12075', 'Social Science', 'Term 1', '2025-12-28', '0', '100'),
('12075', 'Tamil', 'Term 1', '2025-12-28', '0', '100'),
('12076', 'Computer Science', 'Term 1', '2025-12-28', '0', '100'),
('12076', 'English', 'Term 1', '2025-12-28', '0', '100'),
('12076', 'Environmental Studies', 'Term 1', '2025-12-28', '0', '100'),
('12076', 'Hindi', 'Term 1', '2025-12-28', '0', '100'),
('12076', 'Mathematics', 'Term 1', '2025-12-28', '0', '100'),
('12076', 'Science', 'Term 1', '2025-12-28', '0', '100'),
('12076', 'Social Science', 'Term 1', '2025-12-28', '0', '100'),
('12076', 'Tamil', 'Term 1', '2025-12-28', '0', '100'),
('12077', 'Computer Science', 'Term 1', '2025-12-28', '0', '100'),
('12077', 'English', 'Term 1', '2025-12-28', '0', '100'),
('12077', 'Environmental Studies', 'Term 1', '2025-12-28', '0', '100'),
('12077', 'Hindi', 'Term 1', '2025-12-28', '0', '100'),
('12077', 'Mathematics', 'Term 1', '2025-12-28', '0', '100'),
('12077', 'Science', 'Term 1', '2025-12-28', '0', '100'),
('12077', 'Social Science', 'Term 1', '2025-12-28', '0', '100'),
('12077', 'Tamil', 'Term 1', '2025-12-28', '0', '100'),
('12078', 'Computer Science', 'Term 1', '2025-12-28', '0', '100'),
('12078', 'English', 'Term 1', '2025-12-28', '0', '100'),
('12078', 'Environmental Studies', 'Term 1', '2025-12-28', '0', '100'),
('12078', 'Hindi', 'Term 1', '2025-12-28', '0', '100'),
('12078', 'Mathematics', 'Term 1', '2025-12-28', '0', '100'),
('12078', 'Science', 'Term 1', '2025-12-28', '0', '100'),
('12078', 'Social Science', 'Term 1', '2025-12-28', '0', '100'),
('12078', 'Tamil', 'Term 1', '2025-12-28', '0', '100'),
('12079', 'Computer Science', 'Term 1', '2025-12-28', '0', '100'),
('12079', 'English', 'Term 1', '2025-12-28', '0', '100'),
('12079', 'Environmental Studies', 'Term 1', '2025-12-28', '0', '100'),
('12079', 'Hindi', 'Term 1', '2025-12-28', '0', '100'),
('12079', 'Mathematics', 'Term 1', '2025-12-28', '0', '100'),
('12079', 'Science', 'Term 1', '2025-12-28', '0', '100'),
('12079', 'Social Science', 'Term 1', '2025-12-28', '0', '100'),
('12079', 'Tamil', 'Term 1', '2025-12-28', '0', '100'),
('12080', 'Computer Science', 'Term 1', '2025-12-28', '0', '100'),
('12080', 'English', 'Term 1', '2025-12-28', '0', '100'),
('12080', 'Environmental Studies', 'Term 1', '2025-12-28', '0', '100'),
('12080', 'Hindi', 'Term 1', '2025-12-28', '0', '100'),
('12080', 'Mathematics', 'Term 1', '2025-12-28', '0', '100'),
('12080', 'Science', 'Term 1', '2025-12-28', '0', '100'),
('12080', 'Social Science', 'Term 1', '2025-12-28', '0', '100'),
('12080', 'Tamil', 'Term 1', '2025-12-28', '0', '100'),
('12081', 'Computer Science', 'Term 1', '2025-12-28', '0', '100'),
('12081', 'English', 'Term 1', '2025-12-28', '0', '100'),
('12081', 'Environmental Studies', 'Term 1', '2025-12-28', '0', '100'),
('12081', 'Hindi', 'Term 1', '2025-12-28', '0', '100'),
('12081', 'Mathematics', 'Term 1', '2025-12-28', '0', '100'),
('12081', 'Science', 'Term 1', '2025-12-28', '0', '100'),
('12081', 'Social Science', 'Term 1', '2025-12-28', '0', '100'),
('12081', 'Tamil', 'Term 1', '2025-12-28', '0', '100'),
('12082', 'Computer Science', 'Term 1', '2025-12-28', '0', '100'),
('12082', 'English', 'Term 1', '2025-12-28', '0', '100'),
('12082', 'Environmental Studies', 'Term 1', '2025-12-28', '0', '100'),
('12082', 'Hindi', 'Term 1', '2025-12-28', '0', '100'),
('12082', 'Mathematics', 'Term 1', '2025-12-28', '0', '100'),
('12082', 'Science', 'Term 1', '2025-12-28', '0', '100'),
('12082', 'Social Science', 'Term 1', '2025-12-28', '0', '100'),
('12082', 'Tamil', 'Term 1', '2025-12-28', '0', '100'),
('12083', 'Computer Science', 'Term 1', '2025-12-28', '0', '100'),
('12083', 'English', 'Term 1', '2025-12-28', '0', '100'),
('12083', 'Environmental Studies', 'Term 1', '2025-12-28', '0', '100'),
('12083', 'Hindi', 'Term 1', '2025-12-28', '0', '100'),
('12083', 'Mathematics', 'Term 1', '2025-12-28', '0', '100'),
('12083', 'Science', 'Term 1', '2025-12-28', '0', '100'),
('12083', 'Social Science', 'Term 1', '2025-12-28', '0', '100'),
('12083', 'Tamil', 'Term 1', '2025-12-28', '0', '100'),
('12084', 'Computer Science', 'Term 1', '2025-12-28', '0', '100'),
('12084', 'English', 'Term 1', '2025-12-28', '0', '100'),
('12084', 'Environmental Studies', 'Term 1', '2025-12-28', '0', '100'),
('12084', 'Hindi', 'Term 1', '2025-12-28', '0', '100'),
('12084', 'Mathematics', 'Term 1', '2025-12-28', '0', '100'),
('12084', 'Science', 'Term 1', '2025-12-28', '0', '100'),
('12084', 'Social Science', 'Term 1', '2025-12-28', '0', '100'),
('12084', 'Tamil', 'Term 1', '2025-12-28', '0', '100'),
('12085', 'Computer Science', 'Term 1', '2025-12-28', '0', '100'),
('12085', 'English', 'Term 1', '2025-12-28', '0', '100'),
('12085', 'Environmental Studies', 'Term 1', '2025-12-28', '0', '100'),
('12085', 'Hindi', 'Term 1', '2025-12-28', '0', '100'),
('12085', 'Mathematics', 'Term 1', '2025-12-28', '0', '100'),
('12085', 'Science', 'Term 1', '2025-12-28', '0', '100'),
('12085', 'Social Science', 'Term 1', '2025-12-28', '0', '100'),
('12085', 'Tamil', 'Term 1', '2025-12-28', '0', '100'),
('12086', 'Computer Science', 'Term 1', '2025-12-28', '0', '100'),
('12086', 'English', 'Term 1', '2025-12-28', '0', '100'),
('12086', 'Environmental Studies', 'Term 1', '2025-12-28', '0', '100'),
('12086', 'Hindi', 'Term 1', '2025-12-28', '0', '100'),
('12086', 'Mathematics', 'Term 1', '2025-12-28', '0', '100'),
('12086', 'Science', 'Term 1', '2025-12-28', '0', '100'),
('12086', 'Social Science', 'Term 1', '2025-12-28', '0', '100'),
('12086', 'Tamil', 'Term 1', '2025-12-28', '0', '100'),
('12087', 'Computer Science', 'Term 1', '2025-12-28', '0', '100'),
('12087', 'English', 'Term 1', '2025-12-28', '0', '100'),
('12087', 'Environmental Studies', 'Term 1', '2025-12-28', '0', '100'),
('12087', 'Hindi', 'Term 1', '2025-12-28', '0', '100'),
('12087', 'Mathematics', 'Term 1', '2025-12-28', '0', '100'),
('12087', 'Science', 'Term 1', '2025-12-28', '0', '100'),
('12087', 'Social Science', 'Term 1', '2025-12-28', '0', '100'),
('12087', 'Tamil', 'Term 1', '2025-12-28', '0', '100'),
('12088', 'Computer Science', 'Term 1', '2025-12-28', '0', '100'),
('12088', 'English', 'Term 1', '2025-12-28', '0', '100'),
('12088', 'Environmental Studies', 'Term 1', '2025-12-28', '0', '100'),
('12088', 'Hindi', 'Term 1', '2025-12-28', '0', '100'),
('12088', 'Mathematics', 'Term 1', '2025-12-28', '0', '100'),
('12088', 'Science', 'Term 1', '2025-12-28', '0', '100'),
('12088', 'Social Science', 'Term 1', '2025-12-28', '0', '100'),
('12088', 'Tamil', 'Term 1', '2025-12-28', '0', '100'),
('12089', 'Computer Science', 'Term 1', '2025-12-28', '0', '100'),
('12089', 'English', 'Term 1', '2025-12-28', '0', '100'),
('12089', 'Environmental Studies', 'Term 1', '2025-12-28', '0', '100'),
('12089', 'Hindi', 'Term 1', '2025-12-28', '0', '100'),
('12089', 'Mathematics', 'Term 1', '2025-12-28', '0', '100'),
('12089', 'Science', 'Term 1', '2025-12-28', '0', '100'),
('12089', 'Social Science', 'Term 1', '2025-12-28', '0', '100'),
('12089', 'Tamil', 'Term 1', '2025-12-28', '0', '100'),
('12090', 'Computer Science', 'Term 1', '2025-12-28', '0', '100'),
('12090', 'English', 'Term 1', '2025-12-28', '0', '100'),
('12090', 'Environmental Studies', 'Term 1', '2025-12-28', '0', '100'),
('12090', 'Hindi', 'Term 1', '2025-12-28', '0', '100'),
('12090', 'Mathematics', 'Term 1', '2025-12-28', '0', '100'),
('12090', 'Science', 'Term 1', '2025-12-28', '0', '100'),
('12090', 'Social Science', 'Term 1', '2025-12-28', '0', '100'),
('12090', 'Tamil', 'Term 1', '2025-12-28', '0', '100'),
('12091', 'Computer Science', 'Term 1', '2025-12-28', '0', '100'),
('12091', 'English', 'Term 1', '2025-12-28', '0', '100'),
('12091', 'Environmental Studies', 'Term 1', '2025-12-28', '0', '100'),
('12091', 'Hindi', 'Term 1', '2025-12-28', '0', '100'),
('12091', 'Mathematics', 'Term 1', '2025-12-28', '0', '100'),
('12091', 'Science', 'Term 1', '2025-12-28', '0', '100'),
('12091', 'Social Science', 'Term 1', '2025-12-28', '0', '100'),
('12091', 'Tamil', 'Term 1', '2025-12-28', '0', '100'),
('12092', 'Computer Science', 'Term 1', '2025-12-28', '0', '100'),
('12092', 'English', 'Term 1', '2025-12-28', '0', '100'),
('12092', 'Environmental Studies', 'Term 1', '2025-12-28', '0', '100'),
('12092', 'Hindi', 'Term 1', '2025-12-28', '0', '100'),
('12092', 'Mathematics', 'Term 1', '2025-12-28', '0', '100'),
('12092', 'Science', 'Term 1', '2025-12-28', '0', '100'),
('12092', 'Social Science', 'Term 1', '2025-12-28', '0', '100'),
('12092', 'Tamil', 'Term 1', '2025-12-28', '0', '100'),
('12093', 'Computer Science', 'Term 1', '2025-12-28', '0', '100'),
('12093', 'English', 'Term 1', '2025-12-28', '0', '100'),
('12093', 'Environmental Studies', 'Term 1', '2025-12-28', '0', '100'),
('12093', 'Hindi', 'Term 1', '2025-12-28', '0', '100'),
('12093', 'Mathematics', 'Term 1', '2025-12-28', '0', '100'),
('12093', 'Science', 'Term 1', '2025-12-28', '0', '100'),
('12093', 'Social Science', 'Term 1', '2025-12-28', '0', '100'),
('12093', 'Tamil', 'Term 1', '2025-12-28', '0', '100'),
('12094', 'Computer Science', 'Term 1', '2025-12-28', '0', '100'),
('12094', 'English', 'Term 1', '2025-12-28', '0', '100'),
('12094', 'Environmental Studies', 'Term 1', '2025-12-28', '0', '100'),
('12094', 'Hindi', 'Term 1', '2025-12-28', '0', '100'),
('12094', 'Mathematics', 'Term 1', '2025-12-28', '0', '100'),
('12094', 'Science', 'Term 1', '2025-12-28', '0', '100'),
('12094', 'Social Science', 'Term 1', '2025-12-28', '0', '100'),
('12094', 'Tamil', 'Term 1', '2025-12-28', '0', '100'),
('12095', 'Computer Science', 'Term 1', '2025-12-28', '0', '100'),
('12095', 'English', 'Term 1', '2025-12-28', '0', '100');
INSERT INTO `marks` (`id`, `subjectName`, `testName`, `date`, `marksObtained`, `totalMarks`) VALUES
('12095', 'Environmental Studies', 'Term 1', '2025-12-28', '0', '100'),
('12095', 'Hindi', 'Term 1', '2025-12-28', '0', '100'),
('12095', 'Mathematics', 'Term 1', '2025-12-28', '0', '100'),
('12095', 'Science', 'Term 1', '2025-12-28', '0', '100'),
('12095', 'Social Science', 'Term 1', '2025-12-28', '0', '100'),
('12095', 'Tamil', 'Term 1', '2025-12-28', '0', '100'),
('12096', 'Computer Science', 'Term 1', '2025-12-28', '0', '100'),
('12096', 'English', 'Term 1', '2025-12-28', '0', '100'),
('12096', 'Environmental Studies', 'Term 1', '2025-12-28', '0', '100'),
('12096', 'Hindi', 'Term 1', '2025-12-28', '0', '100'),
('12096', 'Mathematics', 'Term 1', '2025-12-28', '0', '100'),
('12096', 'Science', 'Term 1', '2025-12-28', '0', '100'),
('12096', 'Social Science', 'Term 1', '2025-12-28', '0', '100'),
('12096', 'Tamil', 'Term 1', '2025-12-28', '0', '100'),
('12097', 'Computer Science', 'Term 1', '2025-12-28', '0', '100'),
('12097', 'English', 'Term 1', '2025-12-28', '0', '100'),
('12097', 'Environmental Studies', 'Term 1', '2025-12-28', '0', '100'),
('12097', 'Hindi', 'Term 1', '2025-12-28', '0', '100'),
('12097', 'Mathematics', 'Term 1', '2025-12-28', '0', '100'),
('12097', 'Science', 'Term 1', '2025-12-28', '0', '100'),
('12097', 'Social Science', 'Term 1', '2025-12-28', '0', '100'),
('12097', 'Tamil', 'Term 1', '2025-12-28', '0', '100'),
('12098', 'Computer Science', 'Term 1', '2025-12-28', '0', '100'),
('12098', 'English', 'Term 1', '2025-12-28', '0', '100'),
('12098', 'Environmental Studies', 'Term 1', '2025-12-28', '0', '100'),
('12098', 'Hindi', 'Term 1', '2025-12-28', '0', '100'),
('12098', 'Mathematics', 'Term 1', '2025-12-28', '0', '100'),
('12098', 'Science', 'Term 1', '2025-12-28', '0', '100'),
('12098', 'Social Science', 'Term 1', '2025-12-28', '0', '100'),
('12098', 'Tamil', 'Term 1', '2025-12-28', '0', '100'),
('12099', 'Computer Science', 'Term 1', '2025-12-28', '0', '100'),
('12099', 'English', 'Term 1', '2025-12-28', '0', '100'),
('12099', 'Environmental Studies', 'Term 1', '2025-12-28', '0', '100'),
('12099', 'Hindi', 'Term 1', '2025-12-28', '0', '100'),
('12099', 'Mathematics', 'Term 1', '2025-12-28', '0', '100'),
('12099', 'Science', 'Term 1', '2025-12-28', '0', '100'),
('12099', 'Social Science', 'Term 1', '2025-12-28', '0', '100'),
('12099', 'Tamil', 'Term 1', '2025-12-28', '0', '100'),
('12100', 'Computer Science', 'Term 1', '2025-12-28', '0', '100'),
('12100', 'English', 'Term 1', '2025-12-28', '0', '100'),
('12100', 'Environmental Studies', 'Term 1', '2025-12-28', '0', '100'),
('12100', 'Hindi', 'Term 1', '2025-12-28', '0', '100'),
('12100', 'Mathematics', 'Term 1', '2025-12-28', '0', '100'),
('12100', 'Science', 'Term 1', '2025-12-28', '0', '100'),
('12100', 'Social Science', 'Term 1', '2025-12-28', '0', '100'),
('12100', 'Tamil', 'Term 1', '2025-12-28', '0', '100'),
('12101', 'Computer Science', 'Term 1', '2025-12-28', '0', '100'),
('12101', 'English', 'Term 1', '2025-12-28', '0', '100'),
('12101', 'Environmental Studies', 'Term 1', '2025-12-28', '0', '100'),
('12101', 'Hindi', 'Term 1', '2025-12-28', '0', '100'),
('12101', 'Mathematics', 'Term 1', '2025-12-28', '0', '100'),
('12101', 'Science', 'Term 1', '2025-12-28', '0', '100'),
('12101', 'Social Science', 'Term 1', '2025-12-28', '0', '100'),
('12101', 'Tamil', 'Term 1', '2025-12-28', '0', '100'),
('12102', 'Computer Science', 'Term 1', '2025-12-28', '0', '100'),
('12102', 'English', 'Term 1', '2025-12-28', '0', '100'),
('12102', 'Environmental Studies', 'Term 1', '2025-12-28', '0', '100'),
('12102', 'Hindi', 'Term 1', '2025-12-28', '0', '100'),
('12102', 'Mathematics', 'Term 1', '2025-12-28', '0', '100'),
('12102', 'Science', 'Term 1', '2025-12-28', '0', '100'),
('12102', 'Social Science', 'Term 1', '2025-12-28', '0', '100'),
('12102', 'Tamil', 'Term 1', '2025-12-28', '0', '100'),
('12103', 'Computer Science', 'Term 1', '2025-12-28', '0', '100'),
('12103', 'English', 'Term 1', '2025-12-28', '0', '100'),
('12103', 'Environmental Studies', 'Term 1', '2025-12-28', '0', '100'),
('12103', 'Hindi', 'Term 1', '2025-12-28', '0', '100'),
('12103', 'Mathematics', 'Term 1', '2025-12-28', '0', '100'),
('12103', 'Science', 'Term 1', '2025-12-28', '0', '100'),
('12103', 'Social Science', 'Term 1', '2025-12-28', '0', '100'),
('12103', 'Tamil', 'Term 1', '2025-12-28', '0', '100'),
('12104', 'Computer Science', 'Term 1', '2025-12-28', '0', '100'),
('12104', 'English', 'Term 1', '2025-12-28', '0', '100'),
('12104', 'Environmental Studies', 'Term 1', '2025-12-28', '0', '100'),
('12104', 'Hindi', 'Term 1', '2025-12-28', '0', '100'),
('12104', 'Mathematics', 'Term 1', '2025-12-28', '0', '100'),
('12104', 'Science', 'Term 1', '2025-12-28', '0', '100'),
('12104', 'Social Science', 'Term 1', '2025-12-28', '0', '100'),
('12104', 'Tamil', 'Term 1', '2025-12-28', '0', '100'),
('12105', 'Computer Science', 'Term 1', '2025-12-28', '0', '100'),
('12105', 'English', 'Term 1', '2025-12-28', '0', '100'),
('12105', 'Environmental Studies', 'Term 1', '2025-12-28', '0', '100'),
('12105', 'Hindi', 'Term 1', '2025-12-28', '0', '100'),
('12105', 'Mathematics', 'Term 1', '2025-12-28', '0', '100'),
('12105', 'Science', 'Term 1', '2025-12-28', '0', '100'),
('12105', 'Social Science', 'Term 1', '2025-12-28', '0', '100'),
('12105', 'Tamil', 'Term 1', '2025-12-28', '0', '100'),
('12106', 'Computer Science', 'Term 1', '2025-12-28', '0', '100'),
('12106', 'English', 'Term 1', '2025-12-28', '0', '100'),
('12106', 'Environmental Studies', 'Term 1', '2025-12-28', '0', '100'),
('12106', 'Hindi', 'Term 1', '2025-12-28', '0', '100'),
('12106', 'Mathematics', 'Term 1', '2025-12-28', '0', '100'),
('12106', 'Science', 'Term 1', '2025-12-28', '0', '100'),
('12106', 'Social Science', 'Term 1', '2025-12-28', '0', '100'),
('12106', 'Tamil', 'Term 1', '2025-12-28', '0', '100'),
('12107', 'Computer Science', 'Term 1', '2025-12-28', '0', '100'),
('12107', 'English', 'Term 1', '2025-12-28', '0', '100'),
('12107', 'Environmental Studies', 'Term 1', '2025-12-28', '0', '100'),
('12107', 'Hindi', 'Term 1', '2025-12-28', '0', '100'),
('12107', 'Mathematics', 'Term 1', '2025-12-28', '0', '100'),
('12107', 'Science', 'Term 1', '2025-12-28', '0', '100'),
('12107', 'Social Science', 'Term 1', '2025-12-28', '0', '100'),
('12107', 'Tamil', 'Term 1', '2025-12-28', '0', '100'),
('12108', 'Computer Science', 'Term 1', '2025-12-28', '0', '100'),
('12108', 'English', 'Term 1', '2025-12-28', '0', '100'),
('12108', 'Environmental Studies', 'Term 1', '2025-12-28', '0', '100'),
('12108', 'Hindi', 'Term 1', '2025-12-28', '0', '100'),
('12108', 'Mathematics', 'Term 1', '2025-12-28', '0', '100'),
('12108', 'Science', 'Term 1', '2025-12-28', '0', '100'),
('12108', 'Social Science', 'Term 1', '2025-12-28', '0', '100'),
('12108', 'Tamil', 'Term 1', '2025-12-28', '0', '100'),
('12109', 'Computer Science', 'Term 1', '2025-12-28', '0', '100'),
('12109', 'English', 'Term 1', '2025-12-28', '0', '100'),
('12109', 'Environmental Studies', 'Term 1', '2025-12-28', '0', '100'),
('12109', 'Hindi', 'Term 1', '2025-12-28', '0', '100'),
('12109', 'Mathematics', 'Term 1', '2025-12-28', '0', '100'),
('12109', 'Science', 'Term 1', '2025-12-28', '0', '100'),
('12109', 'Social Science', 'Term 1', '2025-12-28', '0', '100'),
('12109', 'Tamil', 'Term 1', '2025-12-28', '0', '100'),
('12110', 'Computer Science', 'Term 1', '2025-12-28', '0', '100'),
('12110', 'English', 'Term 1', '2025-12-28', '0', '100'),
('12110', 'Environmental Studies', 'Term 1', '2025-12-28', '0', '100'),
('12110', 'Hindi', 'Term 1', '2025-12-28', '0', '100'),
('12110', 'Mathematics', 'Term 1', '2025-12-28', '0', '100'),
('12110', 'Science', 'Term 1', '2025-12-28', '0', '100'),
('12110', 'Social Science', 'Term 1', '2025-12-28', '0', '100'),
('12110', 'Tamil', 'Term 1', '2025-12-28', '0', '100'),
('12111', 'Computer Science', 'Term 1', '2025-12-28', '0', '100'),
('12111', 'English', 'Term 1', '2025-12-28', '0', '100'),
('12111', 'Environmental Studies', 'Term 1', '2025-12-28', '0', '100'),
('12111', 'Hindi', 'Term 1', '2025-12-28', '0', '100'),
('12111', 'Mathematics', 'Term 1', '2025-12-28', '0', '100'),
('12111', 'Science', 'Term 1', '2025-12-28', '0', '100'),
('12111', 'Social Science', 'Term 1', '2025-12-28', '0', '100'),
('12111', 'Tamil', 'Term 1', '2025-12-28', '0', '100'),
('12112', 'Computer Science', 'Term 1', '2025-12-28', '0', '100'),
('12112', 'English', 'Term 1', '2025-12-28', '0', '100'),
('12112', 'Environmental Studies', 'Term 1', '2025-12-28', '0', '100'),
('12112', 'Hindi', 'Term 1', '2025-12-28', '0', '100'),
('12112', 'Mathematics', 'Term 1', '2025-12-28', '0', '100'),
('12112', 'Science', 'Term 1', '2025-12-28', '0', '100'),
('12112', 'Social Science', 'Term 1', '2025-12-28', '0', '100'),
('12112', 'Tamil', 'Term 1', '2025-12-28', '0', '100'),
('12113', 'Computer Science', 'Term 1', '2025-12-28', '0', '100'),
('12113', 'English', 'Term 1', '2025-12-28', '0', '100'),
('12113', 'Environmental Studies', 'Term 1', '2025-12-28', '0', '100'),
('12113', 'Hindi', 'Term 1', '2025-12-28', '0', '100'),
('12113', 'Mathematics', 'Term 1', '2025-12-28', '0', '100'),
('12113', 'Science', 'Term 1', '2025-12-28', '0', '100'),
('12113', 'Social Science', 'Term 1', '2025-12-28', '0', '100'),
('12113', 'Tamil', 'Term 1', '2025-12-28', '0', '100'),
('12114', 'Computer Science', 'Term 1', '2025-12-28', '0', '100'),
('12114', 'English', 'Term 1', '2025-12-28', '0', '100'),
('12114', 'Environmental Studies', 'Term 1', '2025-12-28', '0', '100'),
('12114', 'Hindi', 'Term 1', '2025-12-28', '0', '100'),
('12114', 'Mathematics', 'Term 1', '2025-12-28', '0', '100'),
('12114', 'Science', 'Term 1', '2025-12-28', '0', '100'),
('12114', 'Social Science', 'Term 1', '2025-12-28', '0', '100'),
('12114', 'Tamil', 'Term 1', '2025-12-28', '0', '100'),
('12115', 'Computer Science', 'Term 1', '2025-12-28', '0', '100'),
('12115', 'English', 'Term 1', '2025-12-28', '0', '100'),
('12115', 'Environmental Studies', 'Term 1', '2025-12-28', '0', '100'),
('12115', 'Hindi', 'Term 1', '2025-12-28', '0', '100'),
('12115', 'Mathematics', 'Term 1', '2025-12-28', '0', '100'),
('12115', 'Science', 'Term 1', '2025-12-28', '0', '100'),
('12115', 'Social Science', 'Term 1', '2025-12-28', '0', '100'),
('12115', 'Tamil', 'Term 1', '2025-12-28', '0', '100'),
('12116', 'Computer Science', 'Term 1', '2025-12-28', '0', '100'),
('12116', 'English', 'Term 1', '2025-12-28', '0', '100'),
('12116', 'Environmental Studies', 'Term 1', '2025-12-28', '0', '100'),
('12116', 'Hindi', 'Term 1', '2025-12-28', '0', '100'),
('12116', 'Mathematics', 'Term 1', '2025-12-28', '0', '100'),
('12116', 'Science', 'Term 1', '2025-12-28', '0', '100'),
('12116', 'Social Science', 'Term 1', '2025-12-28', '0', '100'),
('12116', 'Tamil', 'Term 1', '2025-12-28', '0', '100'),
('12117', 'Computer Science', 'Term 1', '2025-12-28', '0', '100'),
('12117', 'English', 'Term 1', '2025-12-28', '0', '100'),
('12117', 'Environmental Studies', 'Term 1', '2025-12-28', '0', '100'),
('12117', 'Hindi', 'Term 1', '2025-12-28', '0', '100'),
('12117', 'Mathematics', 'Term 1', '2025-12-28', '0', '100'),
('12117', 'Science', 'Term 1', '2025-12-28', '0', '100'),
('12117', 'Social Science', 'Term 1', '2025-12-28', '0', '100'),
('12117', 'Tamil', 'Term 1', '2025-12-28', '0', '100'),
('12118', 'Computer Science', 'Term 1', '2025-12-28', '0', '100'),
('12118', 'English', 'Term 1', '2025-12-28', '0', '100'),
('12118', 'Environmental Studies', 'Term 1', '2025-12-28', '0', '100'),
('12118', 'Hindi', 'Term 1', '2025-12-28', '0', '100'),
('12118', 'Mathematics', 'Term 1', '2025-12-28', '0', '100'),
('12118', 'Science', 'Term 1', '2025-12-28', '0', '100'),
('12118', 'Social Science', 'Term 1', '2025-12-28', '0', '100'),
('12118', 'Tamil', 'Term 1', '2025-12-28', '0', '100'),
('12119', 'Computer Science', 'Term 1', '2025-12-28', '0', '100'),
('12119', 'English', 'Term 1', '2025-12-28', '0', '100'),
('12119', 'Environmental Studies', 'Term 1', '2025-12-28', '0', '100'),
('12119', 'Hindi', 'Term 1', '2025-12-28', '0', '100'),
('12119', 'Mathematics', 'Term 1', '2025-12-28', '0', '100'),
('12119', 'Science', 'Term 1', '2025-12-28', '0', '100'),
('12119', 'Social Science', 'Term 1', '2025-12-28', '0', '100'),
('12119', 'Tamil', 'Term 1', '2025-12-28', '0', '100'),
('12120', 'Computer Science', 'Term 1', '2025-12-28', '0', '100'),
('12120', 'English', 'Term 1', '2025-12-28', '0', '100'),
('12120', 'Environmental Studies', 'Term 1', '2025-12-28', '0', '100'),
('12120', 'Hindi', 'Term 1', '2025-12-28', '0', '100'),
('12120', 'Mathematics', 'Term 1', '2025-12-28', '0', '100'),
('12120', 'Science', 'Term 1', '2025-12-28', '0', '100'),
('12120', 'Social Science', 'Term 1', '2025-12-28', '0', '100'),
('12120', 'Tamil', 'Term 1', '2025-12-28', '0', '100'),
('12121', 'Computer Science', 'Term 1', '2025-12-28', '0', '100'),
('12121', 'English', 'Term 1', '2025-12-28', '0', '100'),
('12121', 'Environmental Studies', 'Term 1', '2025-12-28', '0', '100'),
('12121', 'Hindi', 'Term 1', '2025-12-28', '0', '100'),
('12121', 'Mathematics', 'Term 1', '2025-12-28', '0', '100'),
('12121', 'Science', 'Term 1', '2025-12-28', '0', '100'),
('12121', 'Social Science', 'Term 1', '2025-12-28', '0', '100'),
('12121', 'Tamil', 'Term 1', '2025-12-28', '0', '100'),
('12122', 'Computer Science', 'Term 1', '2025-12-28', '0', '100'),
('12122', 'English', 'Term 1', '2025-12-28', '0', '100'),
('12122', 'Environmental Studies', 'Term 1', '2025-12-28', '0', '100'),
('12122', 'Hindi', 'Term 1', '2025-12-28', '0', '100'),
('12122', 'Mathematics', 'Term 1', '2025-12-28', '0', '100'),
('12122', 'Science', 'Term 1', '2025-12-28', '0', '100'),
('12122', 'Social Science', 'Term 1', '2025-12-28', '0', '100'),
('12122', 'Tamil', 'Term 1', '2025-12-28', '0', '100'),
('12123', 'Computer Science', 'Term 1', '2025-12-28', '0', '100'),
('12123', 'English', 'Term 1', '2025-12-28', '0', '100'),
('12123', 'Environmental Studies', 'Term 1', '2025-12-28', '0', '100'),
('12123', 'Hindi', 'Term 1', '2025-12-28', '0', '100'),
('12123', 'Mathematics', 'Term 1', '2025-12-28', '0', '100'),
('12123', 'Science', 'Term 1', '2025-12-28', '0', '100'),
('12123', 'Social Science', 'Term 1', '2025-12-28', '0', '100'),
('12123', 'Tamil', 'Term 1', '2025-12-28', '0', '100'),
('12124', 'Computer Science', 'Term 1', '2025-12-28', '0', '100'),
('12124', 'English', 'Term 1', '2025-12-28', '0', '100'),
('12124', 'Environmental Studies', 'Term 1', '2025-12-28', '0', '100'),
('12124', 'Hindi', 'Term 1', '2025-12-28', '0', '100'),
('12124', 'Mathematics', 'Term 1', '2025-12-28', '0', '100'),
('12124', 'Science', 'Term 1', '2025-12-28', '0', '100'),
('12124', 'Social Science', 'Term 1', '2025-12-28', '0', '100'),
('12124', 'Tamil', 'Term 1', '2025-12-28', '0', '100'),
('12125', 'Computer Science', 'Term 1', '2025-12-28', '0', '100'),
('12125', 'English', 'Term 1', '2025-12-28', '0', '100'),
('12125', 'Environmental Studies', 'Term 1', '2025-12-28', '0', '100'),
('12125', 'Hindi', 'Term 1', '2025-12-28', '0', '100'),
('12125', 'Mathematics', 'Term 1', '2025-12-28', '0', '100'),
('12125', 'Science', 'Term 1', '2025-12-28', '0', '100'),
('12125', 'Social Science', 'Term 1', '2025-12-28', '0', '100'),
('12125', 'Tamil', 'Term 1', '2025-12-28', '0', '100'),
('12126', 'Computer Science', 'Term 1', '2025-12-28', '0', '100'),
('12126', 'English', 'Term 1', '2025-12-28', '0', '100'),
('12126', 'Environmental Studies', 'Term 1', '2025-12-28', '0', '100'),
('12126', 'Hindi', 'Term 1', '2025-12-28', '0', '100'),
('12126', 'Mathematics', 'Term 1', '2025-12-28', '0', '100'),
('12126', 'Science', 'Term 1', '2025-12-28', '0', '100'),
('12126', 'Social Science', 'Term 1', '2025-12-28', '0', '100'),
('12126', 'Tamil', 'Term 1', '2025-12-28', '0', '100'),
('12127', 'Computer Science', 'Term 1', '2025-12-28', '0', '100'),
('12127', 'English', 'Term 1', '2025-12-28', '0', '100'),
('12127', 'Environmental Studies', 'Term 1', '2025-12-28', '0', '100'),
('12127', 'Hindi', 'Term 1', '2025-12-28', '0', '100'),
('12127', 'Mathematics', 'Term 1', '2025-12-28', '0', '100'),
('12127', 'Science', 'Term 1', '2025-12-28', '0', '100'),
('12127', 'Social Science', 'Term 1', '2025-12-28', '0', '100'),
('12127', 'Tamil', 'Term 1', '2025-12-28', '0', '100'),
('12128', 'Computer Science', 'Term 1', '2025-12-28', '0', '100'),
('12128', 'English', 'Term 1', '2025-12-28', '0', '100'),
('12128', 'Environmental Studies', 'Term 1', '2025-12-28', '0', '100'),
('12128', 'Hindi', 'Term 1', '2025-12-28', '0', '100'),
('12128', 'Mathematics', 'Term 1', '2025-12-28', '0', '100'),
('12128', 'Science', 'Term 1', '2025-12-28', '0', '100'),
('12128', 'Social Science', 'Term 1', '2025-12-28', '0', '100'),
('12128', 'Tamil', 'Term 1', '2025-12-28', '0', '100'),
('12129', 'Computer Science', 'Term 1', '2025-12-28', '0', '100'),
('12129', 'English', 'Term 1', '2025-12-28', '0', '100'),
('12129', 'Environmental Studies', 'Term 1', '2025-12-28', '0', '100'),
('12129', 'Hindi', 'Term 1', '2025-12-28', '0', '100'),
('12129', 'Mathematics', 'Term 1', '2025-12-28', '0', '100'),
('12129', 'Science', 'Term 1', '2025-12-28', '0', '100'),
('12129', 'Social Science', 'Term 1', '2025-12-28', '0', '100'),
('12129', 'Tamil', 'Term 1', '2025-12-28', '0', '100'),
('12130', 'Computer Science', 'Term 1', '2025-12-28', '0', '100'),
('12130', 'English', 'Term 1', '2025-12-28', '0', '100'),
('12130', 'Environmental Studies', 'Term 1', '2025-12-28', '0', '100'),
('12130', 'Hindi', 'Term 1', '2025-12-28', '0', '100'),
('12130', 'Mathematics', 'Term 1', '2025-12-28', '0', '100'),
('12130', 'Science', 'Term 1', '2025-12-28', '0', '100'),
('12130', 'Social Science', 'Term 1', '2025-12-28', '0', '100'),
('12130', 'Tamil', 'Term 1', '2025-12-28', '0', '100'),
('12131', 'Computer Science', 'Term 1', '2025-12-28', '0', '100'),
('12131', 'English', 'Term 1', '2025-12-28', '0', '100'),
('12131', 'Environmental Studies', 'Term 1', '2025-12-28', '0', '100'),
('12131', 'Hindi', 'Term 1', '2025-12-28', '0', '100'),
('12131', 'Mathematics', 'Term 1', '2025-12-28', '0', '100'),
('12131', 'Science', 'Term 1', '2025-12-28', '0', '100'),
('12131', 'Social Science', 'Term 1', '2025-12-28', '0', '100'),
('12131', 'Tamil', 'Term 1', '2025-12-28', '0', '100'),
('12132', 'Computer Science', 'Term 1', '2025-12-28', '0', '100'),
('12132', 'English', 'Term 1', '2025-12-28', '0', '100'),
('12132', 'Environmental Studies', 'Term 1', '2025-12-28', '0', '100'),
('12132', 'Hindi', 'Term 1', '2025-12-28', '0', '100'),
('12132', 'Mathematics', 'Term 1', '2025-12-28', '0', '100'),
('12132', 'Science', 'Term 1', '2025-12-28', '0', '100'),
('12132', 'Social Science', 'Term 1', '2025-12-28', '0', '100'),
('12132', 'Tamil', 'Term 1', '2025-12-28', '0', '100'),
('12133', 'Computer Science', 'Term 1', '2025-12-28', '0', '100'),
('12133', 'English', 'Term 1', '2025-12-28', '0', '100'),
('12133', 'Environmental Studies', 'Term 1', '2025-12-28', '0', '100'),
('12133', 'Hindi', 'Term 1', '2025-12-28', '0', '100'),
('12133', 'Mathematics', 'Term 1', '2025-12-28', '0', '100'),
('12133', 'Science', 'Term 1', '2025-12-28', '0', '100'),
('12133', 'Social Science', 'Term 1', '2025-12-28', '0', '100'),
('12133', 'Tamil', 'Term 1', '2025-12-28', '0', '100'),
('12134', 'Computer Science', 'Term 1', '2025-12-28', '0', '100'),
('12134', 'English', 'Term 1', '2025-12-28', '0', '100'),
('12134', 'Environmental Studies', 'Term 1', '2025-12-28', '0', '100'),
('12134', 'Hindi', 'Term 1', '2025-12-28', '0', '100'),
('12134', 'Mathematics', 'Term 1', '2025-12-28', '0', '100'),
('12134', 'Science', 'Term 1', '2025-12-28', '0', '100'),
('12134', 'Social Science', 'Term 1', '2025-12-28', '0', '100'),
('12134', 'Tamil', 'Term 1', '2025-12-28', '0', '100'),
('12135', 'Computer Science', 'Term 1', '2025-12-28', '0', '100'),
('12135', 'English', 'Term 1', '2025-12-28', '0', '100'),
('12135', 'Environmental Studies', 'Term 1', '2025-12-28', '0', '100'),
('12135', 'Hindi', 'Term 1', '2025-12-28', '0', '100'),
('12135', 'Mathematics', 'Term 1', '2025-12-28', '0', '100'),
('12135', 'Science', 'Term 1', '2025-12-28', '0', '100'),
('12135', 'Social Science', 'Term 1', '2025-12-28', '0', '100'),
('12135', 'Tamil', 'Term 1', '2025-12-28', '0', '100'),
('12136', 'Computer Science', 'Term 1', '2025-12-28', '0', '100'),
('12136', 'English', 'Term 1', '2025-12-28', '0', '100'),
('12136', 'Environmental Studies', 'Term 1', '2025-12-28', '0', '100'),
('12136', 'Hindi', 'Term 1', '2025-12-28', '0', '100'),
('12136', 'Mathematics', 'Term 1', '2025-12-28', '0', '100'),
('12136', 'Science', 'Term 1', '2025-12-28', '0', '100'),
('12136', 'Social Science', 'Term 1', '2025-12-28', '0', '100'),
('12136', 'Tamil', 'Term 1', '2025-12-28', '0', '100'),
('12137', 'Computer Science', 'Term 1', '2025-12-28', '0', '100'),
('12137', 'English', 'Term 1', '2025-12-28', '0', '100'),
('12137', 'Environmental Studies', 'Term 1', '2025-12-28', '0', '100'),
('12137', 'Hindi', 'Term 1', '2025-12-28', '0', '100'),
('12137', 'Mathematics', 'Term 1', '2025-12-28', '0', '100'),
('12137', 'Science', 'Term 1', '2025-12-28', '0', '100'),
('12137', 'Social Science', 'Term 1', '2025-12-28', '0', '100'),
('12137', 'Tamil', 'Term 1', '2025-12-28', '0', '100'),
('12138', 'Computer Science', 'Term 1', '2025-12-28', '0', '100'),
('12138', 'English', 'Term 1', '2025-12-28', '0', '100'),
('12138', 'Environmental Studies', 'Term 1', '2025-12-28', '0', '100'),
('12138', 'Hindi', 'Term 1', '2025-12-28', '0', '100'),
('12138', 'Mathematics', 'Term 1', '2025-12-28', '0', '100'),
('12138', 'Science', 'Term 1', '2025-12-28', '0', '100'),
('12138', 'Social Science', 'Term 1', '2025-12-28', '0', '100'),
('12138', 'Tamil', 'Term 1', '2025-12-28', '0', '100'),
('12139', 'Computer Science', 'Term 1', '2025-12-28', '0', '100'),
('12139', 'English', 'Term 1', '2025-12-28', '0', '100'),
('12139', 'Environmental Studies', 'Term 1', '2025-12-28', '0', '100'),
('12139', 'Hindi', 'Term 1', '2025-12-28', '0', '100'),
('12139', 'Mathematics', 'Term 1', '2025-12-28', '0', '100'),
('12139', 'Science', 'Term 1', '2025-12-28', '0', '100'),
('12139', 'Social Science', 'Term 1', '2025-12-28', '0', '100'),
('12139', 'Tamil', 'Term 1', '2025-12-28', '0', '100'),
('12140', 'Computer Science', 'Term 1', '2025-12-28', '0', '100'),
('12140', 'English', 'Term 1', '2025-12-28', '0', '100'),
('12140', 'Environmental Studies', 'Term 1', '2025-12-28', '0', '100'),
('12140', 'Hindi', 'Term 1', '2025-12-28', '0', '100'),
('12140', 'Mathematics', 'Term 1', '2025-12-28', '0', '100'),
('12140', 'Science', 'Term 1', '2025-12-28', '0', '100'),
('12140', 'Social Science', 'Term 1', '2025-12-28', '0', '100'),
('12140', 'Tamil', 'Term 1', '2025-12-28', '0', '100'),
('12141', 'Computer Science', 'Term 1', '2025-12-28', '0', '100'),
('12141', 'English', 'Term 1', '2025-12-28', '0', '100'),
('12141', 'Environmental Studies', 'Term 1', '2025-12-28', '0', '100'),
('12141', 'Hindi', 'Term 1', '2025-12-28', '0', '100'),
('12141', 'Mathematics', 'Term 1', '2025-12-28', '0', '100'),
('12141', 'Science', 'Term 1', '2025-12-28', '0', '100'),
('12141', 'Social Science', 'Term 1', '2025-12-28', '0', '100'),
('12141', 'Tamil', 'Term 1', '2025-12-28', '0', '100'),
('12142', 'Computer Science', 'Term 1', '2025-12-28', '0', '100'),
('12142', 'English', 'Term 1', '2025-12-28', '0', '100'),
('12142', 'Environmental Studies', 'Term 1', '2025-12-28', '0', '100'),
('12142', 'Hindi', 'Term 1', '2025-12-28', '0', '100'),
('12142', 'Mathematics', 'Term 1', '2025-12-28', '0', '100'),
('12142', 'Science', 'Term 1', '2025-12-28', '0', '100'),
('12142', 'Social Science', 'Term 1', '2025-12-28', '0', '100'),
('12142', 'Tamil', 'Term 1', '2025-12-28', '0', '100'),
('12143', 'Computer Science', 'Term 1', '2025-12-28', '0', '100'),
('12143', 'English', 'Term 1', '2025-12-28', '0', '100'),
('12143', 'Environmental Studies', 'Term 1', '2025-12-28', '0', '100'),
('12143', 'Hindi', 'Term 1', '2025-12-28', '0', '100'),
('12143', 'Mathematics', 'Term 1', '2025-12-28', '0', '100'),
('12143', 'Science', 'Term 1', '2025-12-28', '0', '100'),
('12143', 'Social Science', 'Term 1', '2025-12-28', '0', '100'),
('12143', 'Tamil', 'Term 1', '2025-12-28', '0', '100'),
('12144', 'Computer Science', 'Term 1', '2025-12-28', '0', '100'),
('12144', 'English', 'Term 1', '2025-12-28', '0', '100'),
('12144', 'Environmental Studies', 'Term 1', '2025-12-28', '0', '100'),
('12144', 'Hindi', 'Term 1', '2025-12-28', '0', '100'),
('12144', 'Mathematics', 'Term 1', '2025-12-28', '0', '100'),
('12144', 'Science', 'Term 1', '2025-12-28', '0', '100'),
('12144', 'Social Science', 'Term 1', '2025-12-28', '0', '100'),
('12144', 'Tamil', 'Term 1', '2025-12-28', '0', '100'),
('12145', 'Computer Science', 'Term 1', '2025-12-28', '0', '100'),
('12145', 'English', 'Term 1', '2025-12-28', '0', '100'),
('12145', 'Environmental Studies', 'Term 1', '2025-12-28', '0', '100'),
('12145', 'Hindi', 'Term 1', '2025-12-28', '0', '100'),
('12145', 'Mathematics', 'Term 1', '2025-12-28', '0', '100'),
('12145', 'Science', 'Term 1', '2025-12-28', '0', '100'),
('12145', 'Social Science', 'Term 1', '2025-12-28', '0', '100'),
('12145', 'Tamil', 'Term 1', '2025-12-28', '0', '100'),
('12146', 'Computer Science', 'Term 1', '2025-12-28', '0', '100'),
('12146', 'English', 'Term 1', '2025-12-28', '0', '100'),
('12146', 'Environmental Studies', 'Term 1', '2025-12-28', '0', '100'),
('12146', 'Hindi', 'Term 1', '2025-12-28', '0', '100'),
('12146', 'Mathematics', 'Term 1', '2025-12-28', '0', '100'),
('12146', 'Science', 'Term 1', '2025-12-28', '0', '100'),
('12146', 'Social Science', 'Term 1', '2025-12-28', '0', '100'),
('12146', 'Tamil', 'Term 1', '2025-12-28', '0', '100'),
('12147', 'Computer Science', 'Term 1', '2025-12-28', '0', '100'),
('12147', 'English', 'Term 1', '2025-12-28', '0', '100'),
('12147', 'Environmental Studies', 'Term 1', '2025-12-28', '0', '100'),
('12147', 'Hindi', 'Term 1', '2025-12-28', '0', '100'),
('12147', 'Mathematics', 'Term 1', '2025-12-28', '0', '100'),
('12147', 'Science', 'Term 1', '2025-12-28', '0', '100'),
('12147', 'Social Science', 'Term 1', '2025-12-28', '0', '100'),
('12147', 'Tamil', 'Term 1', '2025-12-28', '0', '100'),
('12148', 'Computer Science', 'Term 1', '2025-12-28', '0', '100'),
('12148', 'English', 'Term 1', '2025-12-28', '0', '100'),
('12148', 'Environmental Studies', 'Term 1', '2025-12-28', '0', '100'),
('12148', 'Hindi', 'Term 1', '2025-12-28', '0', '100'),
('12148', 'Mathematics', 'Term 1', '2025-12-28', '0', '100'),
('12148', 'Science', 'Term 1', '2025-12-28', '0', '100'),
('12148', 'Social Science', 'Term 1', '2025-12-28', '0', '100'),
('12148', 'Tamil', 'Term 1', '2025-12-28', '0', '100'),
('12149', 'Computer Science', 'Term 1', '2025-12-28', '0', '100'),
('12149', 'English', 'Term 1', '2025-12-28', '0', '100'),
('12149', 'Environmental Studies', 'Term 1', '2025-12-28', '0', '100'),
('12149', 'Hindi', 'Term 1', '2025-12-28', '0', '100'),
('12149', 'Mathematics', 'Term 1', '2025-12-28', '0', '100'),
('12149', 'Science', 'Term 1', '2025-12-28', '0', '100'),
('12149', 'Social Science', 'Term 1', '2025-12-28', '0', '100'),
('12149', 'Tamil', 'Term 1', '2025-12-28', '0', '100'),
('12150', 'Computer Science', 'Term 1', '2025-12-28', '0', '100'),
('12150', 'English', 'Term 1', '2025-12-28', '0', '100'),
('12150', 'Environmental Studies', 'Term 1', '2025-12-28', '0', '100'),
('12150', 'Hindi', 'Term 1', '2025-12-28', '0', '100'),
('12150', 'Mathematics', 'Term 1', '2025-12-28', '0', '100'),
('12150', 'Science', 'Term 1', '2025-12-28', '0', '100'),
('12150', 'Social Science', 'Term 1', '2025-12-28', '0', '100'),
('12150', 'Tamil', 'Term 1', '2025-12-28', '0', '100'),
('12151', 'Computer Science', 'Term 1', '2025-12-28', '0', '100'),
('12151', 'English', 'Term 1', '2025-12-28', '0', '100'),
('12151', 'Environmental Studies', 'Term 1', '2025-12-28', '0', '100'),
('12151', 'Hindi', 'Term 1', '2025-12-28', '0', '100'),
('12151', 'Mathematics', 'Term 1', '2025-12-28', '0', '100'),
('12151', 'Science', 'Term 1', '2025-12-28', '0', '100'),
('12151', 'Social Science', 'Term 1', '2025-12-28', '0', '100'),
('12151', 'Tamil', 'Term 1', '2025-12-28', '0', '100'),
('12152', 'Computer Science', 'Term 1', '2025-12-28', '0', '100'),
('12152', 'English', 'Term 1', '2025-12-28', '0', '100'),
('12152', 'Environmental Studies', 'Term 1', '2025-12-28', '0', '100'),
('12152', 'Hindi', 'Term 1', '2025-12-28', '0', '100'),
('12152', 'Mathematics', 'Term 1', '2025-12-28', '0', '100'),
('12152', 'Science', 'Term 1', '2025-12-28', '0', '100'),
('12152', 'Social Science', 'Term 1', '2025-12-28', '0', '100'),
('12152', 'Tamil', 'Term 1', '2025-12-28', '0', '100'),
('12153', 'Computer Science', 'Term 1', '2025-12-28', '0', '100'),
('12153', 'English', 'Term 1', '2025-12-28', '0', '100'),
('12153', 'Environmental Studies', 'Term 1', '2025-12-28', '0', '100'),
('12153', 'Hindi', 'Term 1', '2025-12-28', '0', '100'),
('12153', 'Mathematics', 'Term 1', '2025-12-28', '0', '100'),
('12153', 'Science', 'Term 1', '2025-12-28', '0', '100'),
('12153', 'Social Science', 'Term 1', '2025-12-28', '0', '100'),
('12153', 'Tamil', 'Term 1', '2025-12-28', '0', '100'),
('12154', 'Computer Science', 'Term 1', '2025-12-28', '0', '100'),
('12154', 'English', 'Term 1', '2025-12-28', '0', '100'),
('12154', 'Environmental Studies', 'Term 1', '2025-12-28', '0', '100'),
('12154', 'Hindi', 'Term 1', '2025-12-28', '0', '100'),
('12154', 'Mathematics', 'Term 1', '2025-12-28', '0', '100'),
('12154', 'Science', 'Term 1', '2025-12-28', '0', '100'),
('12154', 'Social Science', 'Term 1', '2025-12-28', '0', '100'),
('12154', 'Tamil', 'Term 1', '2025-12-28', '0', '100'),
('12155', 'Computer Science', 'Term 1', '2025-12-28', '0', '100'),
('12155', 'English', 'Term 1', '2025-12-28', '0', '100'),
('12155', 'Environmental Studies', 'Term 1', '2025-12-28', '0', '100'),
('12155', 'Hindi', 'Term 1', '2025-12-28', '0', '100'),
('12155', 'Mathematics', 'Term 1', '2025-12-28', '0', '100'),
('12155', 'Science', 'Term 1', '2025-12-28', '0', '100'),
('12155', 'Social Science', 'Term 1', '2025-12-28', '0', '100'),
('12155', 'Tamil', 'Term 1', '2025-12-28', '0', '100'),
('12156', 'Computer Science', 'Term 1', '2025-12-28', '0', '100'),
('12156', 'English', 'Term 1', '2025-12-28', '0', '100'),
('12156', 'Environmental Studies', 'Term 1', '2025-12-28', '0', '100'),
('12156', 'Hindi', 'Term 1', '2025-12-28', '0', '100'),
('12156', 'Mathematics', 'Term 1', '2025-12-28', '0', '100'),
('12156', 'Science', 'Term 1', '2025-12-28', '0', '100'),
('12156', 'Social Science', 'Term 1', '2025-12-28', '0', '100'),
('12156', 'Tamil', 'Term 1', '2025-12-28', '0', '100'),
('12157', 'Computer Science', 'Term 1', '2025-12-28', '0', '100'),
('12157', 'English', 'Term 1', '2025-12-28', '0', '100'),
('12157', 'Environmental Studies', 'Term 1', '2025-12-28', '0', '100'),
('12157', 'Hindi', 'Term 1', '2025-12-28', '0', '100'),
('12157', 'Mathematics', 'Term 1', '2025-12-28', '0', '100'),
('12157', 'Science', 'Term 1', '2025-12-28', '0', '100'),
('12157', 'Social Science', 'Term 1', '2025-12-28', '0', '100'),
('12157', 'Tamil', 'Term 1', '2025-12-28', '0', '100'),
('12158', 'Computer Science', 'Term 1', '2025-12-28', '0', '100'),
('12158', 'English', 'Term 1', '2025-12-28', '0', '100'),
('12158', 'Environmental Studies', 'Term 1', '2025-12-28', '0', '100'),
('12158', 'Hindi', 'Term 1', '2025-12-28', '0', '100'),
('12158', 'Mathematics', 'Term 1', '2025-12-28', '0', '100'),
('12158', 'Science', 'Term 1', '2025-12-28', '0', '100'),
('12158', 'Social Science', 'Term 1', '2025-12-28', '0', '100'),
('12158', 'Tamil', 'Term 1', '2025-12-28', '0', '100'),
('12159', 'Computer Science', 'Term 1', '2025-12-28', '0', '100'),
('12159', 'English', 'Term 1', '2025-12-28', '0', '100'),
('12159', 'Environmental Studies', 'Term 1', '2025-12-28', '0', '100'),
('12159', 'Hindi', 'Term 1', '2025-12-28', '0', '100'),
('12159', 'Mathematics', 'Term 1', '2025-12-28', '0', '100'),
('12159', 'Science', 'Term 1', '2025-12-28', '0', '100'),
('12159', 'Social Science', 'Term 1', '2025-12-28', '0', '100'),
('12159', 'Tamil', 'Term 1', '2025-12-28', '0', '100'),
('12160', 'Computer Science', 'Term 1', '2025-12-28', '0', '100'),
('12160', 'English', 'Term 1', '2025-12-28', '0', '100'),
('12160', 'Environmental Studies', 'Term 1', '2025-12-28', '0', '100'),
('12160', 'Hindi', 'Term 1', '2025-12-28', '0', '100'),
('12160', 'Mathematics', 'Term 1', '2025-12-28', '0', '100'),
('12160', 'Science', 'Term 1', '2025-12-28', '0', '100'),
('12160', 'Social Science', 'Term 1', '2025-12-28', '0', '100'),
('12160', 'Tamil', 'Term 1', '2025-12-28', '0', '100'),
('12161', 'Computer Science', 'Term 1', '2025-12-28', '0', '100'),
('12161', 'English', 'Term 1', '2025-12-28', '0', '100'),
('12161', 'Environmental Studies', 'Term 1', '2025-12-28', '0', '100'),
('12161', 'Hindi', 'Term 1', '2025-12-28', '0', '100'),
('12161', 'Mathematics', 'Term 1', '2025-12-28', '0', '100'),
('12161', 'Science', 'Term 1', '2025-12-28', '0', '100'),
('12161', 'Social Science', 'Term 1', '2025-12-28', '0', '100'),
('12161', 'Tamil', 'Term 1', '2025-12-28', '0', '100'),
('12162', 'Computer Science', 'Term 1', '2025-12-28', '0', '100'),
('12162', 'English', 'Term 1', '2025-12-28', '0', '100'),
('12162', 'Environmental Studies', 'Term 1', '2025-12-28', '0', '100'),
('12162', 'Hindi', 'Term 1', '2025-12-28', '0', '100'),
('12162', 'Mathematics', 'Term 1', '2025-12-28', '0', '100'),
('12162', 'Science', 'Term 1', '2025-12-28', '0', '100'),
('12162', 'Social Science', 'Term 1', '2025-12-28', '0', '100'),
('12162', 'Tamil', 'Term 1', '2025-12-28', '0', '100'),
('12163', 'Computer Science', 'Term 1', '2025-12-28', '0', '100'),
('12163', 'English', 'Term 1', '2025-12-28', '0', '100'),
('12163', 'Environmental Studies', 'Term 1', '2025-12-28', '0', '100'),
('12163', 'Hindi', 'Term 1', '2025-12-28', '0', '100'),
('12163', 'Mathematics', 'Term 1', '2025-12-28', '0', '100'),
('12163', 'Science', 'Term 1', '2025-12-28', '0', '100'),
('12163', 'Social Science', 'Term 1', '2025-12-28', '0', '100'),
('12163', 'Tamil', 'Term 1', '2025-12-28', '0', '100'),
('12164', 'Computer Science', 'Term 1', '2025-12-28', '0', '100'),
('12164', 'English', 'Term 1', '2025-12-28', '0', '100'),
('12164', 'Environmental Studies', 'Term 1', '2025-12-28', '0', '100'),
('12164', 'Hindi', 'Term 1', '2025-12-28', '0', '100'),
('12164', 'Mathematics', 'Term 1', '2025-12-28', '0', '100'),
('12164', 'Science', 'Term 1', '2025-12-28', '0', '100'),
('12164', 'Social Science', 'Term 1', '2025-12-28', '0', '100'),
('12164', 'Tamil', 'Term 1', '2025-12-28', '0', '100'),
('12165', 'Computer Science', 'Term 1', '2025-12-28', '0', '100'),
('12165', 'English', 'Term 1', '2025-12-28', '0', '100'),
('12165', 'Environmental Studies', 'Term 1', '2025-12-28', '0', '100'),
('12165', 'Hindi', 'Term 1', '2025-12-28', '0', '100'),
('12165', 'Mathematics', 'Term 1', '2025-12-28', '0', '100'),
('12165', 'Science', 'Term 1', '2025-12-28', '0', '100'),
('12165', 'Social Science', 'Term 1', '2025-12-28', '0', '100'),
('12165', 'Tamil', 'Term 1', '2025-12-28', '0', '100'),
('12166', 'Computer Science', 'Term 1', '2025-12-28', '0', '100'),
('12166', 'English', 'Term 1', '2025-12-28', '0', '100'),
('12166', 'Environmental Studies', 'Term 1', '2025-12-28', '0', '100'),
('12166', 'Hindi', 'Term 1', '2025-12-28', '0', '100'),
('12166', 'Mathematics', 'Term 1', '2025-12-28', '0', '100'),
('12166', 'Science', 'Term 1', '2025-12-28', '0', '100'),
('12166', 'Social Science', 'Term 1', '2025-12-28', '0', '100'),
('12166', 'Tamil', 'Term 1', '2025-12-28', '0', '100'),
('12167', 'Computer Science', 'Term 1', '2025-12-28', '0', '100'),
('12167', 'English', 'Term 1', '2025-12-28', '0', '100'),
('12167', 'Environmental Studies', 'Term 1', '2025-12-28', '0', '100'),
('12167', 'Hindi', 'Term 1', '2025-12-28', '0', '100'),
('12167', 'Mathematics', 'Term 1', '2025-12-28', '0', '100'),
('12167', 'Science', 'Term 1', '2025-12-28', '0', '100'),
('12167', 'Social Science', 'Term 1', '2025-12-28', '0', '100'),
('12167', 'Tamil', 'Term 1', '2025-12-28', '0', '100'),
('12168', 'Computer Science', 'Term 1', '2025-12-28', '0', '100'),
('12168', 'English', 'Term 1', '2025-12-28', '0', '100'),
('12168', 'Environmental Studies', 'Term 1', '2025-12-28', '0', '100'),
('12168', 'Hindi', 'Term 1', '2025-12-28', '0', '100'),
('12168', 'Mathematics', 'Term 1', '2025-12-28', '0', '100'),
('12168', 'Science', 'Term 1', '2025-12-28', '0', '100'),
('12168', 'Social Science', 'Term 1', '2025-12-28', '0', '100'),
('12168', 'Tamil', 'Term 1', '2025-12-28', '0', '100'),
('12169', 'Computer Science', 'Term 1', '2025-12-28', '0', '100'),
('12169', 'English', 'Term 1', '2025-12-28', '0', '100'),
('12169', 'Environmental Studies', 'Term 1', '2025-12-28', '0', '100'),
('12169', 'Hindi', 'Term 1', '2025-12-28', '0', '100'),
('12169', 'Mathematics', 'Term 1', '2025-12-28', '0', '100'),
('12169', 'Science', 'Term 1', '2025-12-28', '0', '100'),
('12169', 'Social Science', 'Term 1', '2025-12-28', '0', '100'),
('12169', 'Tamil', 'Term 1', '2025-12-28', '0', '100'),
('12170', 'Computer Science', 'Term 1', '2025-12-28', '0', '100'),
('12170', 'English', 'Term 1', '2025-12-28', '0', '100'),
('12170', 'Environmental Studies', 'Term 1', '2025-12-28', '0', '100'),
('12170', 'Hindi', 'Term 1', '2025-12-28', '0', '100'),
('12170', 'Mathematics', 'Term 1', '2025-12-28', '0', '100'),
('12170', 'Science', 'Term 1', '2025-12-28', '0', '100'),
('12170', 'Social Science', 'Term 1', '2025-12-28', '0', '100'),
('12170', 'Tamil', 'Term 1', '2025-12-28', '0', '100'),
('12171', 'Computer Science', 'Term 1', '2025-12-28', '0', '100'),
('12171', 'English', 'Term 1', '2025-12-28', '0', '100'),
('12171', 'Environmental Studies', 'Term 1', '2025-12-28', '0', '100'),
('12171', 'Hindi', 'Term 1', '2025-12-28', '0', '100'),
('12171', 'Mathematics', 'Term 1', '2025-12-28', '0', '100'),
('12171', 'Science', 'Term 1', '2025-12-28', '0', '100'),
('12171', 'Social Science', 'Term 1', '2025-12-28', '0', '100'),
('12171', 'Tamil', 'Term 1', '2025-12-28', '0', '100'),
('12172', 'Computer Science', 'Term 1', '2025-12-28', '0', '100'),
('12172', 'English', 'Term 1', '2025-12-28', '0', '100'),
('12172', 'Environmental Studies', 'Term 1', '2025-12-28', '0', '100'),
('12172', 'Hindi', 'Term 1', '2025-12-28', '0', '100'),
('12172', 'Mathematics', 'Term 1', '2025-12-28', '0', '100'),
('12172', 'Science', 'Term 1', '2025-12-28', '0', '100'),
('12172', 'Social Science', 'Term 1', '2025-12-28', '0', '100'),
('12172', 'Tamil', 'Term 1', '2025-12-28', '0', '100'),
('12173', 'Computer Science', 'Term 1', '2025-12-28', '0', '100'),
('12173', 'English', 'Term 1', '2025-12-28', '0', '100'),
('12173', 'Environmental Studies', 'Term 1', '2025-12-28', '0', '100'),
('12173', 'Hindi', 'Term 1', '2025-12-28', '0', '100'),
('12173', 'Mathematics', 'Term 1', '2025-12-28', '0', '100'),
('12173', 'Science', 'Term 1', '2025-12-28', '0', '100'),
('12173', 'Social Science', 'Term 1', '2025-12-28', '0', '100'),
('12173', 'Tamil', 'Term 1', '2025-12-28', '0', '100'),
('12174', 'Computer Science', 'Term 1', '2025-12-28', '0', '100'),
('12174', 'English', 'Term 1', '2025-12-28', '0', '100'),
('12174', 'Environmental Studies', 'Term 1', '2025-12-28', '0', '100'),
('12174', 'Hindi', 'Term 1', '2025-12-28', '0', '100'),
('12174', 'Mathematics', 'Term 1', '2025-12-28', '0', '100'),
('12174', 'Science', 'Term 1', '2025-12-28', '0', '100'),
('12174', 'Social Science', 'Term 1', '2025-12-28', '0', '100'),
('12174', 'Tamil', 'Term 1', '2025-12-28', '0', '100'),
('12175', 'Computer Science', 'Term 1', '2025-12-28', '0', '100'),
('12175', 'English', 'Term 1', '2025-12-28', '0', '100'),
('12175', 'Environmental Studies', 'Term 1', '2025-12-28', '0', '100'),
('12175', 'Hindi', 'Term 1', '2025-12-28', '0', '100'),
('12175', 'Mathematics', 'Term 1', '2025-12-28', '0', '100'),
('12175', 'Science', 'Term 1', '2025-12-28', '0', '100'),
('12175', 'Social Science', 'Term 1', '2025-12-28', '0', '100'),
('12175', 'Tamil', 'Term 1', '2025-12-28', '0', '100'),
('12176', 'Computer Science', 'Term 1', '2025-12-28', '0', '100'),
('12176', 'English', 'Term 1', '2025-12-28', '0', '100'),
('12176', 'Environmental Studies', 'Term 1', '2025-12-28', '0', '100'),
('12176', 'Hindi', 'Term 1', '2025-12-28', '0', '100'),
('12176', 'Mathematics', 'Term 1', '2025-12-28', '0', '100'),
('12176', 'Science', 'Term 1', '2025-12-28', '0', '100'),
('12176', 'Social Science', 'Term 1', '2025-12-28', '0', '100'),
('12176', 'Tamil', 'Term 1', '2025-12-28', '0', '100'),
('12177', 'Computer Science', 'Term 1', '2025-12-28', '0', '100'),
('12177', 'English', 'Term 1', '2025-12-28', '0', '100'),
('12177', 'Environmental Studies', 'Term 1', '2025-12-28', '0', '100'),
('12177', 'Hindi', 'Term 1', '2025-12-28', '0', '100'),
('12177', 'Mathematics', 'Term 1', '2025-12-28', '0', '100'),
('12177', 'Science', 'Term 1', '2025-12-28', '0', '100'),
('12177', 'Social Science', 'Term 1', '2025-12-28', '0', '100'),
('12177', 'Tamil', 'Term 1', '2025-12-28', '0', '100'),
('12178', 'Computer Science', 'Term 1', '2025-12-28', '0', '100'),
('12178', 'English', 'Term 1', '2025-12-28', '0', '100'),
('12178', 'Environmental Studies', 'Term 1', '2025-12-28', '0', '100'),
('12178', 'Hindi', 'Term 1', '2025-12-28', '0', '100'),
('12178', 'Mathematics', 'Term 1', '2025-12-28', '0', '100'),
('12178', 'Science', 'Term 1', '2025-12-28', '0', '100'),
('12178', 'Social Science', 'Term 1', '2025-12-28', '0', '100'),
('12178', 'Tamil', 'Term 1', '2025-12-28', '0', '100'),
('12179', 'Computer Science', 'Term 1', '2025-12-28', '0', '100'),
('12179', 'English', 'Term 1', '2025-12-28', '0', '100'),
('12179', 'Environmental Studies', 'Term 1', '2025-12-28', '0', '100'),
('12179', 'Hindi', 'Term 1', '2025-12-28', '0', '100'),
('12179', 'Mathematics', 'Term 1', '2025-12-28', '0', '100'),
('12179', 'Science', 'Term 1', '2025-12-28', '0', '100'),
('12179', 'Social Science', 'Term 1', '2025-12-28', '0', '100'),
('12179', 'Tamil', 'Term 1', '2025-12-28', '0', '100'),
('12180', 'Computer Science', 'Term 1', '2025-12-28', '0', '100'),
('12180', 'English', 'Term 1', '2025-12-28', '0', '100'),
('12180', 'Environmental Studies', 'Term 1', '2025-12-28', '0', '100'),
('12180', 'Hindi', 'Term 1', '2025-12-28', '0', '100'),
('12180', 'Mathematics', 'Term 1', '2025-12-28', '0', '100'),
('12180', 'Science', 'Term 1', '2025-12-28', '0', '100'),
('12180', 'Social Science', 'Term 1', '2025-12-28', '0', '100'),
('12180', 'Tamil', 'Term 1', '2025-12-28', '0', '100'),
('12181', 'Computer Science', 'Term 1', '2025-12-28', '0', '100'),
('12181', 'English', 'Term 1', '2025-12-28', '0', '100'),
('12181', 'Environmental Studies', 'Term 1', '2025-12-28', '0', '100'),
('12181', 'Hindi', 'Term 1', '2025-12-28', '0', '100'),
('12181', 'Mathematics', 'Term 1', '2025-12-28', '0', '100'),
('12181', 'Science', 'Term 1', '2025-12-28', '0', '100'),
('12181', 'Social Science', 'Term 1', '2025-12-28', '0', '100'),
('12181', 'Tamil', 'Term 1', '2025-12-28', '0', '100'),
('12182', 'Computer Science', 'Term 1', '2025-12-28', '0', '100'),
('12182', 'English', 'Term 1', '2025-12-28', '0', '100'),
('12182', 'Environmental Studies', 'Term 1', '2025-12-28', '0', '100'),
('12182', 'Hindi', 'Term 1', '2025-12-28', '0', '100'),
('12182', 'Mathematics', 'Term 1', '2025-12-28', '0', '100'),
('12182', 'Science', 'Term 1', '2025-12-28', '0', '100'),
('12182', 'Social Science', 'Term 1', '2025-12-28', '0', '100'),
('12182', 'Tamil', 'Term 1', '2025-12-28', '0', '100'),
('12183', 'Computer Science', 'Term 1', '2025-12-28', '0', '100'),
('12183', 'English', 'Term 1', '2025-12-28', '0', '100'),
('12183', 'Environmental Studies', 'Term 1', '2025-12-28', '0', '100'),
('12183', 'Hindi', 'Term 1', '2025-12-28', '0', '100'),
('12183', 'Mathematics', 'Term 1', '2025-12-28', '0', '100'),
('12183', 'Science', 'Term 1', '2025-12-28', '0', '100'),
('12183', 'Social Science', 'Term 1', '2025-12-28', '0', '100'),
('12183', 'Tamil', 'Term 1', '2025-12-28', '0', '100'),
('12184', 'Computer Science', 'Term 1', '2025-12-28', '0', '100'),
('12184', 'English', 'Term 1', '2025-12-28', '0', '100'),
('12184', 'Environmental Studies', 'Term 1', '2025-12-28', '0', '100'),
('12184', 'Hindi', 'Term 1', '2025-12-28', '0', '100'),
('12184', 'Mathematics', 'Term 1', '2025-12-28', '0', '100'),
('12184', 'Science', 'Term 1', '2025-12-28', '0', '100'),
('12184', 'Social Science', 'Term 1', '2025-12-28', '0', '100'),
('12184', 'Tamil', 'Term 1', '2025-12-28', '0', '100'),
('12185', 'Computer Science', 'Term 1', '2025-12-28', '0', '100'),
('12185', 'English', 'Term 1', '2025-12-28', '0', '100'),
('12185', 'Environmental Studies', 'Term 1', '2025-12-28', '0', '100'),
('12185', 'Hindi', 'Term 1', '2025-12-28', '0', '100'),
('12185', 'Mathematics', 'Term 1', '2025-12-28', '0', '100'),
('12185', 'Science', 'Term 1', '2025-12-28', '0', '100'),
('12185', 'Social Science', 'Term 1', '2025-12-28', '0', '100'),
('12185', 'Tamil', 'Term 1', '2025-12-28', '0', '100'),
('12186', 'Computer Science', 'Term 1', '2025-12-28', '0', '100'),
('12186', 'English', 'Term 1', '2025-12-28', '0', '100'),
('12186', 'Environmental Studies', 'Term 1', '2025-12-28', '0', '100'),
('12186', 'Hindi', 'Term 1', '2025-12-28', '0', '100'),
('12186', 'Mathematics', 'Term 1', '2025-12-28', '0', '100'),
('12186', 'Science', 'Term 1', '2025-12-28', '0', '100'),
('12186', 'Social Science', 'Term 1', '2025-12-28', '0', '100'),
('12186', 'Tamil', 'Term 1', '2025-12-28', '0', '100'),
('12187', 'Computer Science', 'Term 1', '2025-12-28', '0', '100'),
('12187', 'English', 'Term 1', '2025-12-28', '0', '100'),
('12187', 'Environmental Studies', 'Term 1', '2025-12-28', '0', '100'),
('12187', 'Hindi', 'Term 1', '2025-12-28', '0', '100'),
('12187', 'Mathematics', 'Term 1', '2025-12-28', '0', '100'),
('12187', 'Science', 'Term 1', '2025-12-28', '0', '100'),
('12187', 'Social Science', 'Term 1', '2025-12-28', '0', '100'),
('12187', 'Tamil', 'Term 1', '2025-12-28', '0', '100'),
('12188', 'Computer Science', 'Term 1', '2025-12-28', '0', '100'),
('12188', 'English', 'Term 1', '2025-12-28', '0', '100'),
('12188', 'Environmental Studies', 'Term 1', '2025-12-28', '0', '100'),
('12188', 'Hindi', 'Term 1', '2025-12-28', '0', '100'),
('12188', 'Mathematics', 'Term 1', '2025-12-28', '0', '100'),
('12188', 'Science', 'Term 1', '2025-12-28', '0', '100'),
('12188', 'Social Science', 'Term 1', '2025-12-28', '0', '100'),
('12188', 'Tamil', 'Term 1', '2025-12-28', '0', '100'),
('12189', 'Computer Science', 'Term 1', '2025-12-28', '0', '100'),
('12189', 'English', 'Term 1', '2025-12-28', '0', '100'),
('12189', 'Environmental Studies', 'Term 1', '2025-12-28', '0', '100'),
('12189', 'Hindi', 'Term 1', '2025-12-28', '0', '100'),
('12189', 'Mathematics', 'Term 1', '2025-12-28', '0', '100'),
('12189', 'Science', 'Term 1', '2025-12-28', '0', '100'),
('12189', 'Social Science', 'Term 1', '2025-12-28', '0', '100'),
('12189', 'Tamil', 'Term 1', '2025-12-28', '0', '100'),
('12190', 'Computer Science', 'Term 1', '2025-12-28', '0', '100'),
('12190', 'English', 'Term 1', '2025-12-28', '0', '100'),
('12190', 'Environmental Studies', 'Term 1', '2025-12-28', '0', '100'),
('12190', 'Hindi', 'Term 1', '2025-12-28', '0', '100'),
('12190', 'Mathematics', 'Term 1', '2025-12-28', '0', '100'),
('12190', 'Science', 'Term 1', '2025-12-28', '0', '100'),
('12190', 'Social Science', 'Term 1', '2025-12-28', '0', '100'),
('12190', 'Tamil', 'Term 1', '2025-12-28', '0', '100'),
('2017115611', 'English', 'Term 1', '', '100', '100'),
('2017115611', 'Mathematics', 'Term 1', '', '90', '100'),
('2017115611', 'Science', 'Term 1', '', '50', '100'),
('2017115611', 'Social', 'Term 1', '', '20', '100'),
('2017115611', 'Tamil', 'Term 1', '', '35', '100');

-- --------------------------------------------------------

--
-- Table structure for table `marks_details`
--

CREATE TABLE `marks_details` (
  `id` int(11) NOT NULL,
  `mark_id` int(11) NOT NULL,
  `subject_id` int(11) NOT NULL,
  `marks_obtained` int(11) NOT NULL,
  `total_marks` int(11) NOT NULL
) ENGINE=InnoDB DEFAULT CHARSET=utf8mb4 COLLATE=utf8mb4_general_ci;

--
-- Dumping data for table `marks_details`
--

INSERT INTO `marks_details` (`id`, `mark_id`, `subject_id`, `marks_obtained`, `total_marks`) VALUES
(1, 1, 1, 78, 100),
(2, 1, 2, 65, 100),
(3, 1, 3, 82, 100),
(4, 1, 4, 74, 100),
(5, 1, 5, 80, 100),
(6, 2, 1, 68, 100),
(7, 2, 2, 70, 100),
(8, 2, 3, 75, 100),
(9, 2, 4, 60, 100),
(10, 2, 5, 72, 100),
(11, 3, 1, 88, 100),
(12, 3, 2, 90, 100),
(13, 3, 3, 85, 100),
(14, 3, 4, 78, 100),
(15, 3, 5, 82, 100);

-- --------------------------------------------------------

--
-- Table structure for table `marks_master`
--

CREATE TABLE `marks_master` (
  `mark_id` int(11) NOT NULL,
  `exam_id` int(11) NOT NULL,
  `student_id` varchar(20) NOT NULL
) ENGINE=InnoDB DEFAULT CHARSET=utf8mb4 COLLATE=utf8mb4_general_ci;

--
-- Dumping data for table `marks_master`
--

INSERT INTO `marks_master` (`mark_id`, `exam_id`, `student_id`) VALUES
(1, 1, '11001'),
(2, 1, '11002'),
(3, 1, '11003'),
(4, 1, '11004'),
(5, 1, '11005'),
(6, 2, '11001'),
(7, 2, '11002'),
(8, 3, '12041'),
(9, 3, '12042'),
(10, 3, '12043');

-- --------------------------------------------------------

--
-- Table structure for table `marks_new`
--

CREATE TABLE `marks_new` (
  `id` varchar(20) NOT NULL,
  `subjectName` varchar(50) NOT NULL,
  `testName` varchar(50) NOT NULL,
  `date` varchar(25) NOT NULL,
  `grandTotal` varchar(100) NOT NULL,
  `totalMarks` varchar(10) NOT NULL,
  `english` int(10) NOT NULL,
  `tamil` int(10) NOT NULL,
  `maths` int(10) NOT NULL,
  `science` int(10) NOT NULL,
  `social` int(10) NOT NULL
) ENGINE=InnoDB DEFAULT CHARSET=utf8mb4 COLLATE=utf8mb4_general_ci;

--
-- Dumping data for table `marks_new`
--

INSERT INTO `marks_new` (`id`, `subjectName`, `testName`, `date`, `grandTotal`, `totalMarks`, `english`, `tamil`, `maths`, `science`, `social`) VALUES
('2017115611', '0', 'Term 1', '2023-01-01', '', '100', 50, 60, 40, 80, 50),
('2017115611', '0', 'Term 2', '2023-01-01', '', '100', 42, 92, 54, 20, 74),
('2017115611', '0', 'Term 3', '2023-01-01', '', '100', 12, 42, 44, 85, 48),
('11001', '0', 'Term 1', '2025-12-28', '', '100', 0, 0, 0, 0, 0),
('11002', '0', 'Term 1', '2025-12-28', '', '100', 0, 0, 0, 0, 0),
('11003', '0', 'Term 1', '2025-12-28', '', '100', 0, 0, 0, 0, 0),
('11004', '0', 'Term 1', '2025-12-28', '', '100', 0, 0, 0, 0, 0),
('11005', '0', 'Term 1', '2025-12-28', '', '100', 0, 0, 0, 0, 0),
('11006', '0', 'Term 1', '2025-12-28', '', '100', 0, 0, 0, 0, 0),
('11007', '0', 'Term 1', '2025-12-28', '', '100', 0, 0, 0, 0, 0),
('11008', '0', 'Term 1', '2025-12-28', '', '100', 0, 0, 0, 0, 0),
('11009', '0', 'Term 1', '2025-12-28', '', '100', 0, 0, 0, 0, 0),
('11010', '0', 'Term 1', '2025-12-28', '', '100', 0, 0, 0, 0, 0),
('12001', '0', 'Term 1', '2025-12-28', '', '100', 0, 0, 0, 0, 0),
('12002', '0', 'Term 1', '2025-12-28', '', '100', 0, 0, 0, 0, 0),
('12003', '0', 'Term 1', '2025-12-28', '', '100', 0, 0, 0, 0, 0),
('12004', '0', 'Term 1', '2025-12-28', '', '100', 0, 0, 0, 0, 0),
('12005', '0', 'Term 1', '2025-12-28', '', '100', 0, 0, 0, 0, 0),
('12006', '0', 'Term 1', '2025-12-28', '', '100', 0, 0, 0, 0, 0),
('12007', '0', 'Term 1', '2025-12-28', '', '100', 0, 0, 0, 0, 0),
('12008', '0', 'Term 1', '2025-12-28', '', '100', 0, 0, 0, 0, 0),
('12009', '0', 'Term 1', '2025-12-28', '', '100', 0, 0, 0, 0, 0),
('12010', '0', 'Term 1', '2025-12-28', '', '100', 0, 0, 0, 0, 0),
('12011', '0', 'Term 1', '2025-12-28', '', '100', 0, 0, 0, 0, 0),
('12012', '0', 'Term 1', '2025-12-28', '', '100', 0, 0, 0, 0, 0),
('12013', '0', 'Term 1', '2025-12-28', '', '100', 0, 0, 0, 0, 0),
('12014', '0', 'Term 1', '2025-12-28', '', '100', 0, 0, 0, 0, 0),
('12015', '0', 'Term 1', '2025-12-28', '', '100', 0, 0, 0, 0, 0),
('12016', '0', 'Term 1', '2025-12-28', '', '100', 0, 0, 0, 0, 0),
('12017', '0', 'Term 1', '2025-12-28', '', '100', 0, 0, 0, 0, 0),
('12018', '0', 'Term 1', '2025-12-28', '', '100', 0, 0, 0, 0, 0),
('12019', '0', 'Term 1', '2025-12-28', '', '100', 0, 0, 0, 0, 0),
('12020', '0', 'Term 1', '2025-12-28', '', '100', 0, 0, 0, 0, 0),
('12021', '0', 'Term 1', '2025-12-28', '', '100', 0, 0, 0, 0, 0),
('12022', '0', 'Term 1', '2025-12-28', '', '100', 0, 0, 0, 0, 0),
('12023', '0', 'Term 1', '2025-12-28', '', '100', 0, 0, 0, 0, 0),
('12024', '0', 'Term 1', '2025-12-28', '', '100', 0, 0, 0, 0, 0),
('12025', '0', 'Term 1', '2025-12-28', '', '100', 0, 0, 0, 0, 0),
('12026', '0', 'Term 1', '2025-12-28', '', '100', 0, 0, 0, 0, 0),
('12027', '0', 'Term 1', '2025-12-28', '', '100', 0, 0, 0, 0, 0),
('12028', '0', 'Term 1', '2025-12-28', '', '100', 0, 0, 0, 0, 0),
('12029', '0', 'Term 1', '2025-12-28', '', '100', 0, 0, 0, 0, 0),
('12030', '0', 'Term 1', '2025-12-28', '', '100', 0, 0, 0, 0, 0),
('12031', '0', 'Term 1', '2025-12-28', '', '100', 0, 0, 0, 0, 0),
('12032', '0', 'Term 1', '2025-12-28', '', '100', 0, 0, 0, 0, 0),
('12033', '0', 'Term 1', '2025-12-28', '', '100', 0, 0, 0, 0, 0),
('12034', '0', 'Term 1', '2025-12-28', '', '100', 0, 0, 0, 0, 0),
('12035', '0', 'Term 1', '2025-12-28', '', '100', 0, 0, 0, 0, 0),
('12036', '0', 'Term 1', '2025-12-28', '', '100', 0, 0, 0, 0, 0),
('12037', '0', 'Term 1', '2025-12-28', '', '100', 0, 0, 0, 0, 0),
('12038', '0', 'Term 1', '2025-12-28', '', '100', 0, 0, 0, 0, 0),
('12039', '0', 'Term 1', '2025-12-28', '', '100', 0, 0, 0, 0, 0),
('12040', '0', 'Term 1', '2025-12-28', '', '100', 0, 0, 0, 0, 0),
('12041', '0', 'Term 1', '2025-12-28', '', '100', 0, 0, 0, 0, 0),
('12042', '0', 'Term 1', '2025-12-28', '', '100', 0, 0, 0, 0, 0),
('12043', '0', 'Term 1', '2025-12-28', '', '100', 0, 0, 0, 0, 0),
('12044', '0', 'Term 1', '2025-12-28', '', '100', 0, 0, 0, 0, 0),
('12045', '0', 'Term 1', '2025-12-28', '', '100', 0, 0, 0, 0, 0),
('12046', '0', 'Term 1', '2025-12-28', '', '100', 0, 0, 0, 0, 0),
('12047', '0', 'Term 1', '2025-12-28', '', '100', 0, 0, 0, 0, 0),
('12048', '0', 'Term 1', '2025-12-28', '', '100', 0, 0, 0, 0, 0),
('12049', '0', 'Term 1', '2025-12-28', '', '100', 0, 0, 0, 0, 0),
('12050', '0', 'Term 1', '2025-12-28', '', '100', 0, 0, 0, 0, 0),
('12051', '0', 'Term 1', '2025-12-28', '', '100', 0, 0, 0, 0, 0),
('12052', '0', 'Term 1', '2025-12-28', '', '100', 0, 0, 0, 0, 0),
('12053', '0', 'Term 1', '2025-12-28', '', '100', 0, 0, 0, 0, 0),
('12054', '0', 'Term 1', '2025-12-28', '', '100', 0, 0, 0, 0, 0),
('12055', '0', 'Term 1', '2025-12-28', '', '100', 0, 0, 0, 0, 0),
('12056', '0', 'Term 1', '2025-12-28', '', '100', 0, 0, 0, 0, 0),
('12057', '0', 'Term 1', '2025-12-28', '', '100', 0, 0, 0, 0, 0),
('12058', '0', 'Term 1', '2025-12-28', '', '100', 0, 0, 0, 0, 0),
('12059', '0', 'Term 1', '2025-12-28', '', '100', 0, 0, 0, 0, 0),
('12060', '0', 'Term 1', '2025-12-28', '', '100', 0, 0, 0, 0, 0),
('12061', '0', 'Term 1', '2025-12-28', '', '100', 0, 0, 0, 0, 0),
('12062', '0', 'Term 1', '2025-12-28', '', '100', 0, 0, 0, 0, 0),
('12063', '0', 'Term 1', '2025-12-28', '', '100', 0, 0, 0, 0, 0),
('12064', '0', 'Term 1', '2025-12-28', '', '100', 0, 0, 0, 0, 0),
('12065', '0', 'Term 1', '2025-12-28', '', '100', 0, 0, 0, 0, 0),
('12066', '0', 'Term 1', '2025-12-28', '', '100', 0, 0, 0, 0, 0),
('12067', '0', 'Term 1', '2025-12-28', '', '100', 0, 0, 0, 0, 0),
('12068', '0', 'Term 1', '2025-12-28', '', '100', 0, 0, 0, 0, 0),
('12069', '0', 'Term 1', '2025-12-28', '', '100', 0, 0, 0, 0, 0),
('12070', '0', 'Term 1', '2025-12-28', '', '100', 0, 0, 0, 0, 0),
('12071', '0', 'Term 1', '2025-12-28', '', '100', 0, 0, 0, 0, 0),
('12072', '0', 'Term 1', '2025-12-28', '', '100', 0, 0, 0, 0, 0),
('12073', '0', 'Term 1', '2025-12-28', '', '100', 0, 0, 0, 0, 0),
('12074', '0', 'Term 1', '2025-12-28', '', '100', 0, 0, 0, 0, 0),
('12075', '0', 'Term 1', '2025-12-28', '', '100', 0, 0, 0, 0, 0),
('12076', '0', 'Term 1', '2025-12-28', '', '100', 0, 0, 0, 0, 0),
('12077', '0', 'Term 1', '2025-12-28', '', '100', 0, 0, 0, 0, 0),
('12078', '0', 'Term 1', '2025-12-28', '', '100', 0, 0, 0, 0, 0),
('12079', '0', 'Term 1', '2025-12-28', '', '100', 0, 0, 0, 0, 0),
('12080', '0', 'Term 1', '2025-12-28', '', '100', 0, 0, 0, 0, 0),
('12081', '0', 'Term 1', '2025-12-28', '', '100', 0, 0, 0, 0, 0),
('12082', '0', 'Term 1', '2025-12-28', '', '100', 0, 0, 0, 0, 0),
('12083', '0', 'Term 1', '2025-12-28', '', '100', 0, 0, 0, 0, 0),
('12084', '0', 'Term 1', '2025-12-28', '', '100', 0, 0, 0, 0, 0),
('12085', '0', 'Term 1', '2025-12-28', '', '100', 0, 0, 0, 0, 0),
('12086', '0', 'Term 1', '2025-12-28', '', '100', 0, 0, 0, 0, 0),
('12087', '0', 'Term 1', '2025-12-28', '', '100', 0, 0, 0, 0, 0),
('12088', '0', 'Term 1', '2025-12-28', '', '100', 0, 0, 0, 0, 0),
('12089', '0', 'Term 1', '2025-12-28', '', '100', 0, 0, 0, 0, 0),
('12090', '0', 'Term 1', '2025-12-28', '', '100', 0, 0, 0, 0, 0),
('12091', '0', 'Term 1', '2025-12-28', '', '100', 0, 0, 0, 0, 0),
('12092', '0', 'Term 1', '2025-12-28', '', '100', 0, 0, 0, 0, 0),
('12093', '0', 'Term 1', '2025-12-28', '', '100', 0, 0, 0, 0, 0),
('12094', '0', 'Term 1', '2025-12-28', '', '100', 0, 0, 0, 0, 0),
('12095', '0', 'Term 1', '2025-12-28', '', '100', 0, 0, 0, 0, 0),
('12096', '0', 'Term 1', '2025-12-28', '', '100', 0, 0, 0, 0, 0),
('12097', '0', 'Term 1', '2025-12-28', '', '100', 0, 0, 0, 0, 0),
('12098', '0', 'Term 1', '2025-12-28', '', '100', 0, 0, 0, 0, 0),
('12099', '0', 'Term 1', '2025-12-28', '', '100', 0, 0, 0, 0, 0),
('12100', '0', 'Term 1', '2025-12-28', '', '100', 0, 0, 0, 0, 0),
('12101', '0', 'Term 1', '2025-12-28', '', '100', 0, 0, 0, 0, 0),
('12102', '0', 'Term 1', '2025-12-28', '', '100', 0, 0, 0, 0, 0),
('12103', '0', 'Term 1', '2025-12-28', '', '100', 0, 0, 0, 0, 0),
('12104', '0', 'Term 1', '2025-12-28', '', '100', 0, 0, 0, 0, 0),
('12105', '0', 'Term 1', '2025-12-28', '', '100', 0, 0, 0, 0, 0),
('12106', '0', 'Term 1', '2025-12-28', '', '100', 0, 0, 0, 0, 0),
('12107', '0', 'Term 1', '2025-12-28', '', '100', 0, 0, 0, 0, 0),
('12108', '0', 'Term 1', '2025-12-28', '', '100', 0, 0, 0, 0, 0),
('12109', '0', 'Term 1', '2025-12-28', '', '100', 0, 0, 0, 0, 0),
('12110', '0', 'Term 1', '2025-12-28', '', '100', 0, 0, 0, 0, 0),
('12111', '0', 'Term 1', '2025-12-28', '', '100', 0, 0, 0, 0, 0),
('12112', '0', 'Term 1', '2025-12-28', '', '100', 0, 0, 0, 0, 0),
('12113', '0', 'Term 1', '2025-12-28', '', '100', 0, 0, 0, 0, 0),
('12114', '0', 'Term 1', '2025-12-28', '', '100', 0, 0, 0, 0, 0),
('12115', '0', 'Term 1', '2025-12-28', '', '100', 0, 0, 0, 0, 0),
('12116', '0', 'Term 1', '2025-12-28', '', '100', 0, 0, 0, 0, 0),
('12117', '0', 'Term 1', '2025-12-28', '', '100', 0, 0, 0, 0, 0),
('12118', '0', 'Term 1', '2025-12-28', '', '100', 0, 0, 0, 0, 0),
('12119', '0', 'Term 1', '2025-12-28', '', '100', 0, 0, 0, 0, 0),
('12120', '0', 'Term 1', '2025-12-28', '', '100', 0, 0, 0, 0, 0),
('12121', '0', 'Term 1', '2025-12-28', '', '100', 0, 0, 0, 0, 0),
('12122', '0', 'Term 1', '2025-12-28', '', '100', 0, 0, 0, 0, 0),
('12123', '0', 'Term 1', '2025-12-28', '', '100', 0, 0, 0, 0, 0),
('12124', '0', 'Term 1', '2025-12-28', '', '100', 0, 0, 0, 0, 0),
('12125', '0', 'Term 1', '2025-12-28', '', '100', 0, 0, 0, 0, 0),
('12126', '0', 'Term 1', '2025-12-28', '', '100', 0, 0, 0, 0, 0),
('12127', '0', 'Term 1', '2025-12-28', '', '100', 0, 0, 0, 0, 0),
('12128', '0', 'Term 1', '2025-12-28', '', '100', 0, 0, 0, 0, 0),
('12129', '0', 'Term 1', '2025-12-28', '', '100', 0, 0, 0, 0, 0),
('12130', '0', 'Term 1', '2025-12-28', '', '100', 0, 0, 0, 0, 0),
('12131', '0', 'Term 1', '2025-12-28', '', '100', 0, 0, 0, 0, 0),
('12132', '0', 'Term 1', '2025-12-28', '', '100', 0, 0, 0, 0, 0),
('12133', '0', 'Term 1', '2025-12-28', '', '100', 0, 0, 0, 0, 0),
('12134', '0', 'Term 1', '2025-12-28', '', '100', 0, 0, 0, 0, 0),
('12135', '0', 'Term 1', '2025-12-28', '', '100', 0, 0, 0, 0, 0),
('12136', '0', 'Term 1', '2025-12-28', '', '100', 0, 0, 0, 0, 0),
('12137', '0', 'Term 1', '2025-12-28', '', '100', 0, 0, 0, 0, 0),
('12138', '0', 'Term 1', '2025-12-28', '', '100', 0, 0, 0, 0, 0),
('12139', '0', 'Term 1', '2025-12-28', '', '100', 0, 0, 0, 0, 0),
('12140', '0', 'Term 1', '2025-12-28', '', '100', 0, 0, 0, 0, 0),
('12141', '0', 'Term 1', '2025-12-28', '', '100', 0, 0, 0, 0, 0),
('12142', '0', 'Term 1', '2025-12-28', '', '100', 0, 0, 0, 0, 0),
('12143', '0', 'Term 1', '2025-12-28', '', '100', 0, 0, 0, 0, 0),
('12144', '0', 'Term 1', '2025-12-28', '', '100', 0, 0, 0, 0, 0),
('12145', '0', 'Term 1', '2025-12-28', '', '100', 0, 0, 0, 0, 0),
('12146', '0', 'Term 1', '2025-12-28', '', '100', 0, 0, 0, 0, 0),
('12147', '0', 'Term 1', '2025-12-28', '', '100', 0, 0, 0, 0, 0),
('12148', '0', 'Term 1', '2025-12-28', '', '100', 0, 0, 0, 0, 0),
('12149', '0', 'Term 1', '2025-12-28', '', '100', 0, 0, 0, 0, 0),
('12150', '0', 'Term 1', '2025-12-28', '', '100', 0, 0, 0, 0, 0),
('12151', '0', 'Term 1', '2025-12-28', '', '100', 0, 0, 0, 0, 0),
('12152', '0', 'Term 1', '2025-12-28', '', '100', 0, 0, 0, 0, 0),
('12153', '0', 'Term 1', '2025-12-28', '', '100', 0, 0, 0, 0, 0),
('12154', '0', 'Term 1', '2025-12-28', '', '100', 0, 0, 0, 0, 0),
('12155', '0', 'Term 1', '2025-12-28', '', '100', 0, 0, 0, 0, 0),
('12156', '0', 'Term 1', '2025-12-28', '', '100', 0, 0, 0, 0, 0),
('12157', '0', 'Term 1', '2025-12-28', '', '100', 0, 0, 0, 0, 0),
('12158', '0', 'Term 1', '2025-12-28', '', '100', 0, 0, 0, 0, 0),
('12159', '0', 'Term 1', '2025-12-28', '', '100', 0, 0, 0, 0, 0),
('12160', '0', 'Term 1', '2025-12-28', '', '100', 0, 0, 0, 0, 0),
('12161', '0', 'Term 1', '2025-12-28', '', '100', 0, 0, 0, 0, 0),
('12162', '0', 'Term 1', '2025-12-28', '', '100', 0, 0, 0, 0, 0),
('12163', '0', 'Term 1', '2025-12-28', '', '100', 0, 0, 0, 0, 0),
('12164', '0', 'Term 1', '2025-12-28', '', '100', 0, 0, 0, 0, 0),
('12165', '0', 'Term 1', '2025-12-28', '', '100', 0, 0, 0, 0, 0),
('12166', '0', 'Term 1', '2025-12-28', '', '100', 0, 0, 0, 0, 0),
('12167', '0', 'Term 1', '2025-12-28', '', '100', 0, 0, 0, 0, 0),
('12168', '0', 'Term 1', '2025-12-28', '', '100', 0, 0, 0, 0, 0),
('12169', '0', 'Term 1', '2025-12-28', '', '100', 0, 0, 0, 0, 0),
('12170', '0', 'Term 1', '2025-12-28', '', '100', 0, 0, 0, 0, 0),
('12171', '0', 'Term 1', '2025-12-28', '', '100', 0, 0, 0, 0, 0),
('12172', '0', 'Term 1', '2025-12-28', '', '100', 0, 0, 0, 0, 0),
('12173', '0', 'Term 1', '2025-12-28', '', '100', 0, 0, 0, 0, 0),
('12174', '0', 'Term 1', '2025-12-28', '', '100', 0, 0, 0, 0, 0),
('12175', '0', 'Term 1', '2025-12-28', '', '100', 0, 0, 0, 0, 0),
('12176', '0', 'Term 1', '2025-12-28', '', '100', 0, 0, 0, 0, 0),
('12177', '0', 'Term 1', '2025-12-28', '', '100', 0, 0, 0, 0, 0),
('12178', '0', 'Term 1', '2025-12-28', '', '100', 0, 0, 0, 0, 0),
('12179', '0', 'Term 1', '2025-12-28', '', '100', 0, 0, 0, 0, 0),
('12180', '0', 'Term 1', '2025-12-28', '', '100', 0, 0, 0, 0, 0),
('12181', '0', 'Term 1', '2025-12-28', '', '100', 0, 0, 0, 0, 0),
('12182', '0', 'Term 1', '2025-12-28', '', '100', 0, 0, 0, 0, 0),
('12183', '0', 'Term 1', '2025-12-28', '', '100', 0, 0, 0, 0, 0),
('12184', '0', 'Term 1', '2025-12-28', '', '100', 0, 0, 0, 0, 0),
('12185', '0', 'Term 1', '2025-12-28', '', '100', 0, 0, 0, 0, 0),
('12186', '0', 'Term 1', '2025-12-28', '', '100', 0, 0, 0, 0, 0),
('12187', '0', 'Term 1', '2025-12-28', '', '100', 0, 0, 0, 0, 0),
('12188', '0', 'Term 1', '2025-12-28', '', '100', 0, 0, 0, 0, 0),
('12189', '0', 'Term 1', '2025-12-28', '', '100', 0, 0, 0, 0, 0),
('12190', '0', 'Term 1', '2025-12-28', '', '100', 0, 0, 0, 0, 0);

-- --------------------------------------------------------

--
-- Table structure for table `notification`
--

CREATE TABLE `notification` (
  `id` varchar(20) NOT NULL,
  `notification` varchar(200) NOT NULL,
  `sentBy` varchar(200) NOT NULL,
  `date` varchar(12) NOT NULL,
  `time` varchar(10) NOT NULL,
  `status` int(2) NOT NULL,
  `target_type` enum('ALL','STUDENT','CLASS','SECTION') NOT NULL DEFAULT 'ALL',
  `target_value` varchar(50) DEFAULT NULL
) ENGINE=InnoDB DEFAULT CHARSET=utf8mb4 COLLATE=utf8mb4_general_ci;

--
-- Dumping data for table `notification`
--

INSERT INTO `notification` (`id`, `notification`, `sentBy`, `date`, `time`, `status`, `target_type`, `target_value`) VALUES
('2017115611', 'Please pay the second term fees.', 'Principal', '2023-01-01', '20:30', 0, 'ALL', NULL),
('2017115611', 'Complete the homework assignments today', 'Teacher', '2023-01-01', '02:30', 0, 'ALL', NULL),
('2017115611', 'Parent-Teachers meeting on saturday afternoon 12:30 PM', 'A.O', '02-03-2024', '05:10 AM', 0, 'ALL', NULL),
('2017115611', 'attend classes today.', 'Principal', '28-12-2025', '', 0, 'ALL', NULL),
('2017115610', 'Students are shouting ', 'Admin', '28-12-2025', '', 0, 'ALL', NULL),
('11001', 'Welcome to Asimos. No notifications yet.', 'System', '2025-12-28', '', 0, 'ALL', NULL),
('11002', 'Welcome to Asimos. No notifications yet.', 'System', '2025-12-28', '', 0, 'ALL', NULL),
('11003', 'Welcome to Asimos. No notifications yet.', 'System', '2025-12-28', '', 0, 'ALL', NULL),
('11004', 'Welcome to Asimos. No notifications yet.', 'System', '2025-12-28', '', 0, 'ALL', NULL),
('11005', 'Welcome to Asimos. No notifications yet.', 'System', '2025-12-28', '', 0, 'ALL', NULL),
('11006', 'Welcome to Asimos. No notifications yet.', 'System', '2025-12-28', '', 0, 'ALL', NULL),
('11007', 'Welcome to Asimos. No notifications yet.', 'System', '2025-12-28', '', 0, 'ALL', NULL),
('11008', 'Welcome to Asimos. No notifications yet.', 'System', '2025-12-28', '', 0, 'ALL', NULL),
('11009', 'Welcome to Asimos. No notifications yet.', 'System', '2025-12-28', '', 0, 'ALL', NULL),
('11010', 'Welcome to Asimos. No notifications yet.', 'System', '2025-12-28', '', 0, 'ALL', NULL),
('12001', 'Welcome to Asimos. No notifications yet.', 'System', '2025-12-28', '', 0, 'ALL', NULL),
('12002', 'Welcome to Asimos. No notifications yet.', 'System', '2025-12-28', '', 0, 'ALL', NULL),
('12003', 'Welcome to Asimos. No notifications yet.', 'System', '2025-12-28', '', 0, 'ALL', NULL),
('12004', 'Welcome to Asimos. No notifications yet.', 'System', '2025-12-28', '', 0, 'ALL', NULL),
('12005', 'Welcome to Asimos. No notifications yet.', 'System', '2025-12-28', '', 0, 'ALL', NULL),
('12006', 'Welcome to Asimos. No notifications yet.', 'System', '2025-12-28', '', 0, 'ALL', NULL),
('12007', 'Welcome to Asimos. No notifications yet.', 'System', '2025-12-28', '', 0, 'ALL', NULL),
('12008', 'Welcome to Asimos. No notifications yet.', 'System', '2025-12-28', '', 0, 'ALL', NULL),
('12009', 'Welcome to Asimos. No notifications yet.', 'System', '2025-12-28', '', 0, 'ALL', NULL),
('12010', 'Welcome to Asimos. No notifications yet.', 'System', '2025-12-28', '', 0, 'ALL', NULL),
('12011', 'Welcome to Asimos. No notifications yet.', 'System', '2025-12-28', '', 0, 'ALL', NULL),
('12012', 'Welcome to Asimos. No notifications yet.', 'System', '2025-12-28', '', 0, 'ALL', NULL),
('12013', 'Welcome to Asimos. No notifications yet.', 'System', '2025-12-28', '', 0, 'ALL', NULL),
('12014', 'Welcome to Asimos. No notifications yet.', 'System', '2025-12-28', '', 0, 'ALL', NULL),
('12015', 'Welcome to Asimos. No notifications yet.', 'System', '2025-12-28', '', 0, 'ALL', NULL),
('12016', 'Welcome to Asimos. No notifications yet.', 'System', '2025-12-28', '', 0, 'ALL', NULL),
('12017', 'Welcome to Asimos. No notifications yet.', 'System', '2025-12-28', '', 0, 'ALL', NULL),
('12018', 'Welcome to Asimos. No notifications yet.', 'System', '2025-12-28', '', 0, 'ALL', NULL),
('12019', 'Welcome to Asimos. No notifications yet.', 'System', '2025-12-28', '', 0, 'ALL', NULL),
('12020', 'Welcome to Asimos. No notifications yet.', 'System', '2025-12-28', '', 0, 'ALL', NULL),
('12021', 'Welcome to Asimos. No notifications yet.', 'System', '2025-12-28', '', 0, 'ALL', NULL),
('12022', 'Welcome to Asimos. No notifications yet.', 'System', '2025-12-28', '', 0, 'ALL', NULL),
('12023', 'Welcome to Asimos. No notifications yet.', 'System', '2025-12-28', '', 0, 'ALL', NULL),
('12024', 'Welcome to Asimos. No notifications yet.', 'System', '2025-12-28', '', 0, 'ALL', NULL),
('12025', 'Welcome to Asimos. No notifications yet.', 'System', '2025-12-28', '', 0, 'ALL', NULL),
('12026', 'Welcome to Asimos. No notifications yet.', 'System', '2025-12-28', '', 0, 'ALL', NULL),
('12027', 'Welcome to Asimos. No notifications yet.', 'System', '2025-12-28', '', 0, 'ALL', NULL),
('12028', 'Welcome to Asimos. No notifications yet.', 'System', '2025-12-28', '', 0, 'ALL', NULL),
('12029', 'Welcome to Asimos. No notifications yet.', 'System', '2025-12-28', '', 0, 'ALL', NULL),
('12030', 'Welcome to Asimos. No notifications yet.', 'System', '2025-12-28', '', 0, 'ALL', NULL),
('12031', 'Welcome to Asimos. No notifications yet.', 'System', '2025-12-28', '', 0, 'ALL', NULL),
('12032', 'Welcome to Asimos. No notifications yet.', 'System', '2025-12-28', '', 0, 'ALL', NULL),
('12033', 'Welcome to Asimos. No notifications yet.', 'System', '2025-12-28', '', 0, 'ALL', NULL),
('12034', 'Welcome to Asimos. No notifications yet.', 'System', '2025-12-28', '', 0, 'ALL', NULL),
('12035', 'Welcome to Asimos. No notifications yet.', 'System', '2025-12-28', '', 0, 'ALL', NULL),
('12036', 'Welcome to Asimos. No notifications yet.', 'System', '2025-12-28', '', 0, 'ALL', NULL),
('12037', 'Welcome to Asimos. No notifications yet.', 'System', '2025-12-28', '', 0, 'ALL', NULL),
('12038', 'Welcome to Asimos. No notifications yet.', 'System', '2025-12-28', '', 0, 'ALL', NULL),
('12039', 'Welcome to Asimos. No notifications yet.', 'System', '2025-12-28', '', 0, 'ALL', NULL),
('12040', 'Welcome to Asimos. No notifications yet.', 'System', '2025-12-28', '', 0, 'ALL', NULL),
('12041', 'Welcome to Asimos. No notifications yet.', 'System', '2025-12-28', '', 0, 'ALL', NULL),
('12042', 'Welcome to Asimos. No notifications yet.', 'System', '2025-12-28', '', 0, 'ALL', NULL),
('12043', 'Welcome to Asimos. No notifications yet.', 'System', '2025-12-28', '', 0, 'ALL', NULL),
('12044', 'Welcome to Asimos. No notifications yet.', 'System', '2025-12-28', '', 0, 'ALL', NULL),
('12045', 'Welcome to Asimos. No notifications yet.', 'System', '2025-12-28', '', 0, 'ALL', NULL),
('12046', 'Welcome to Asimos. No notifications yet.', 'System', '2025-12-28', '', 0, 'ALL', NULL),
('12047', 'Welcome to Asimos. No notifications yet.', 'System', '2025-12-28', '', 0, 'ALL', NULL),
('12048', 'Welcome to Asimos. No notifications yet.', 'System', '2025-12-28', '', 0, 'ALL', NULL),
('12049', 'Welcome to Asimos. No notifications yet.', 'System', '2025-12-28', '', 0, 'ALL', NULL),
('12050', 'Welcome to Asimos. No notifications yet.', 'System', '2025-12-28', '', 0, 'ALL', NULL),
('12051', 'Welcome to Asimos. No notifications yet.', 'System', '2025-12-28', '', 0, 'ALL', NULL),
('12052', 'Welcome to Asimos. No notifications yet.', 'System', '2025-12-28', '', 0, 'ALL', NULL),
('12053', 'Welcome to Asimos. No notifications yet.', 'System', '2025-12-28', '', 0, 'ALL', NULL),
('12054', 'Welcome to Asimos. No notifications yet.', 'System', '2025-12-28', '', 0, 'ALL', NULL),
('12055', 'Welcome to Asimos. No notifications yet.', 'System', '2025-12-28', '', 0, 'ALL', NULL),
('12056', 'Welcome to Asimos. No notifications yet.', 'System', '2025-12-28', '', 0, 'ALL', NULL),
('12057', 'Welcome to Asimos. No notifications yet.', 'System', '2025-12-28', '', 0, 'ALL', NULL),
('12058', 'Welcome to Asimos. No notifications yet.', 'System', '2025-12-28', '', 0, 'ALL', NULL),
('12059', 'Welcome to Asimos. No notifications yet.', 'System', '2025-12-28', '', 0, 'ALL', NULL),
('12060', 'Welcome to Asimos. No notifications yet.', 'System', '2025-12-28', '', 0, 'ALL', NULL),
('12061', 'Welcome to Asimos. No notifications yet.', 'System', '2025-12-28', '', 0, 'ALL', NULL),
('12062', 'Welcome to Asimos. No notifications yet.', 'System', '2025-12-28', '', 0, 'ALL', NULL),
('12063', 'Welcome to Asimos. No notifications yet.', 'System', '2025-12-28', '', 0, 'ALL', NULL),
('12064', 'Welcome to Asimos. No notifications yet.', 'System', '2025-12-28', '', 0, 'ALL', NULL),
('12065', 'Welcome to Asimos. No notifications yet.', 'System', '2025-12-28', '', 0, 'ALL', NULL),
('12066', 'Welcome to Asimos. No notifications yet.', 'System', '2025-12-28', '', 0, 'ALL', NULL),
('12067', 'Welcome to Asimos. No notifications yet.', 'System', '2025-12-28', '', 0, 'ALL', NULL),
('12068', 'Welcome to Asimos. No notifications yet.', 'System', '2025-12-28', '', 0, 'ALL', NULL),
('12069', 'Welcome to Asimos. No notifications yet.', 'System', '2025-12-28', '', 0, 'ALL', NULL),
('12070', 'Welcome to Asimos. No notifications yet.', 'System', '2025-12-28', '', 0, 'ALL', NULL),
('12071', 'Welcome to Asimos. No notifications yet.', 'System', '2025-12-28', '', 0, 'ALL', NULL),
('12072', 'Welcome to Asimos. No notifications yet.', 'System', '2025-12-28', '', 0, 'ALL', NULL),
('12073', 'Welcome to Asimos. No notifications yet.', 'System', '2025-12-28', '', 0, 'ALL', NULL),
('12074', 'Welcome to Asimos. No notifications yet.', 'System', '2025-12-28', '', 0, 'ALL', NULL),
('12075', 'Welcome to Asimos. No notifications yet.', 'System', '2025-12-28', '', 0, 'ALL', NULL),
('12076', 'Welcome to Asimos. No notifications yet.', 'System', '2025-12-28', '', 0, 'ALL', NULL),
('12077', 'Welcome to Asimos. No notifications yet.', 'System', '2025-12-28', '', 0, 'ALL', NULL),
('12078', 'Welcome to Asimos. No notifications yet.', 'System', '2025-12-28', '', 0, 'ALL', NULL),
('12079', 'Welcome to Asimos. No notifications yet.', 'System', '2025-12-28', '', 0, 'ALL', NULL),
('12080', 'Welcome to Asimos. No notifications yet.', 'System', '2025-12-28', '', 0, 'ALL', NULL),
('12081', 'Welcome to Asimos. No notifications yet.', 'System', '2025-12-28', '', 0, 'ALL', NULL),
('12082', 'Welcome to Asimos. No notifications yet.', 'System', '2025-12-28', '', 0, 'ALL', NULL),
('12083', 'Welcome to Asimos. No notifications yet.', 'System', '2025-12-28', '', 0, 'ALL', NULL),
('12084', 'Welcome to Asimos. No notifications yet.', 'System', '2025-12-28', '', 0, 'ALL', NULL),
('12085', 'Welcome to Asimos. No notifications yet.', 'System', '2025-12-28', '', 0, 'ALL', NULL),
('12086', 'Welcome to Asimos. No notifications yet.', 'System', '2025-12-28', '', 0, 'ALL', NULL),
('12087', 'Welcome to Asimos. No notifications yet.', 'System', '2025-12-28', '', 0, 'ALL', NULL),
('12088', 'Welcome to Asimos. No notifications yet.', 'System', '2025-12-28', '', 0, 'ALL', NULL),
('12089', 'Welcome to Asimos. No notifications yet.', 'System', '2025-12-28', '', 0, 'ALL', NULL),
('12090', 'Welcome to Asimos. No notifications yet.', 'System', '2025-12-28', '', 0, 'ALL', NULL),
('12091', 'Welcome to Asimos. No notifications yet.', 'System', '2025-12-28', '', 0, 'ALL', NULL),
('12092', 'Welcome to Asimos. No notifications yet.', 'System', '2025-12-28', '', 0, 'ALL', NULL),
('12093', 'Welcome to Asimos. No notifications yet.', 'System', '2025-12-28', '', 0, 'ALL', NULL),
('12094', 'Welcome to Asimos. No notifications yet.', 'System', '2025-12-28', '', 0, 'ALL', NULL),
('12095', 'Welcome to Asimos. No notifications yet.', 'System', '2025-12-28', '', 0, 'ALL', NULL),
('12096', 'Welcome to Asimos. No notifications yet.', 'System', '2025-12-28', '', 0, 'ALL', NULL),
('12097', 'Welcome to Asimos. No notifications yet.', 'System', '2025-12-28', '', 0, 'ALL', NULL),
('12098', 'Welcome to Asimos. No notifications yet.', 'System', '2025-12-28', '', 0, 'ALL', NULL),
('12099', 'Welcome to Asimos. No notifications yet.', 'System', '2025-12-28', '', 0, 'ALL', NULL),
('12100', 'Welcome to Asimos. No notifications yet.', 'System', '2025-12-28', '', 0, 'ALL', NULL),
('12101', 'Welcome to Asimos. No notifications yet.', 'System', '2025-12-28', '', 0, 'ALL', NULL),
('12102', 'Welcome to Asimos. No notifications yet.', 'System', '2025-12-28', '', 0, 'ALL', NULL),
('12103', 'Welcome to Asimos. No notifications yet.', 'System', '2025-12-28', '', 0, 'ALL', NULL),
('12104', 'Welcome to Asimos. No notifications yet.', 'System', '2025-12-28', '', 0, 'ALL', NULL),
('12105', 'Welcome to Asimos. No notifications yet.', 'System', '2025-12-28', '', 0, 'ALL', NULL),
('12106', 'Welcome to Asimos. No notifications yet.', 'System', '2025-12-28', '', 0, 'ALL', NULL),
('12107', 'Welcome to Asimos. No notifications yet.', 'System', '2025-12-28', '', 0, 'ALL', NULL),
('12108', 'Welcome to Asimos. No notifications yet.', 'System', '2025-12-28', '', 0, 'ALL', NULL),
('12109', 'Welcome to Asimos. No notifications yet.', 'System', '2025-12-28', '', 0, 'ALL', NULL),
('12110', 'Welcome to Asimos. No notifications yet.', 'System', '2025-12-28', '', 0, 'ALL', NULL),
('12111', 'Welcome to Asimos. No notifications yet.', 'System', '2025-12-28', '', 0, 'ALL', NULL),
('12112', 'Welcome to Asimos. No notifications yet.', 'System', '2025-12-28', '', 0, 'ALL', NULL),
('12113', 'Welcome to Asimos. No notifications yet.', 'System', '2025-12-28', '', 0, 'ALL', NULL),
('12114', 'Welcome to Asimos. No notifications yet.', 'System', '2025-12-28', '', 0, 'ALL', NULL),
('12115', 'Welcome to Asimos. No notifications yet.', 'System', '2025-12-28', '', 0, 'ALL', NULL),
('12116', 'Welcome to Asimos. No notifications yet.', 'System', '2025-12-28', '', 0, 'ALL', NULL),
('12117', 'Welcome to Asimos. No notifications yet.', 'System', '2025-12-28', '', 0, 'ALL', NULL),
('12118', 'Welcome to Asimos. No notifications yet.', 'System', '2025-12-28', '', 0, 'ALL', NULL),
('12119', 'Welcome to Asimos. No notifications yet.', 'System', '2025-12-28', '', 0, 'ALL', NULL),
('12120', 'Welcome to Asimos. No notifications yet.', 'System', '2025-12-28', '', 0, 'ALL', NULL),
('12121', 'Welcome to Asimos. No notifications yet.', 'System', '2025-12-28', '', 0, 'ALL', NULL),
('12122', 'Welcome to Asimos. No notifications yet.', 'System', '2025-12-28', '', 0, 'ALL', NULL),
('12123', 'Welcome to Asimos. No notifications yet.', 'System', '2025-12-28', '', 0, 'ALL', NULL),
('12124', 'Welcome to Asimos. No notifications yet.', 'System', '2025-12-28', '', 0, 'ALL', NULL),
('12125', 'Welcome to Asimos. No notifications yet.', 'System', '2025-12-28', '', 0, 'ALL', NULL),
('12126', 'Welcome to Asimos. No notifications yet.', 'System', '2025-12-28', '', 0, 'ALL', NULL),
('12127', 'Welcome to Asimos. No notifications yet.', 'System', '2025-12-28', '', 0, 'ALL', NULL),
('12128', 'Welcome to Asimos. No notifications yet.', 'System', '2025-12-28', '', 0, 'ALL', NULL),
('12129', 'Welcome to Asimos. No notifications yet.', 'System', '2025-12-28', '', 0, 'ALL', NULL),
('12130', 'Welcome to Asimos. No notifications yet.', 'System', '2025-12-28', '', 0, 'ALL', NULL),
('12131', 'Welcome to Asimos. No notifications yet.', 'System', '2025-12-28', '', 0, 'ALL', NULL),
('12132', 'Welcome to Asimos. No notifications yet.', 'System', '2025-12-28', '', 0, 'ALL', NULL),
('12133', 'Welcome to Asimos. No notifications yet.', 'System', '2025-12-28', '', 0, 'ALL', NULL),
('12134', 'Welcome to Asimos. No notifications yet.', 'System', '2025-12-28', '', 0, 'ALL', NULL),
('12135', 'Welcome to Asimos. No notifications yet.', 'System', '2025-12-28', '', 0, 'ALL', NULL),
('12136', 'Welcome to Asimos. No notifications yet.', 'System', '2025-12-28', '', 0, 'ALL', NULL),
('12137', 'Welcome to Asimos. No notifications yet.', 'System', '2025-12-28', '', 0, 'ALL', NULL),
('12138', 'Welcome to Asimos. No notifications yet.', 'System', '2025-12-28', '', 0, 'ALL', NULL),
('12139', 'Welcome to Asimos. No notifications yet.', 'System', '2025-12-28', '', 0, 'ALL', NULL),
('12140', 'Welcome to Asimos. No notifications yet.', 'System', '2025-12-28', '', 0, 'ALL', NULL),
('12141', 'Welcome to Asimos. No notifications yet.', 'System', '2025-12-28', '', 0, 'ALL', NULL),
('12142', 'Welcome to Asimos. No notifications yet.', 'System', '2025-12-28', '', 0, 'ALL', NULL),
('12143', 'Welcome to Asimos. No notifications yet.', 'System', '2025-12-28', '', 0, 'ALL', NULL),
('12144', 'Welcome to Asimos. No notifications yet.', 'System', '2025-12-28', '', 0, 'ALL', NULL),
('12145', 'Welcome to Asimos. No notifications yet.', 'System', '2025-12-28', '', 0, 'ALL', NULL),
('12146', 'Welcome to Asimos. No notifications yet.', 'System', '2025-12-28', '', 0, 'ALL', NULL),
('12147', 'Welcome to Asimos. No notifications yet.', 'System', '2025-12-28', '', 0, 'ALL', NULL),
('12148', 'Welcome to Asimos. No notifications yet.', 'System', '2025-12-28', '', 0, 'ALL', NULL),
('12149', 'Welcome to Asimos. No notifications yet.', 'System', '2025-12-28', '', 0, 'ALL', NULL),
('12150', 'Welcome to Asimos. No notifications yet.', 'System', '2025-12-28', '', 0, 'ALL', NULL),
('12151', 'Welcome to Asimos. No notifications yet.', 'System', '2025-12-28', '', 0, 'ALL', NULL),
('12152', 'Welcome to Asimos. No notifications yet.', 'System', '2025-12-28', '', 0, 'ALL', NULL),
('12153', 'Welcome to Asimos. No notifications yet.', 'System', '2025-12-28', '', 0, 'ALL', NULL),
('12154', 'Welcome to Asimos. No notifications yet.', 'System', '2025-12-28', '', 0, 'ALL', NULL),
('12155', 'Welcome to Asimos. No notifications yet.', 'System', '2025-12-28', '', 0, 'ALL', NULL),
('12156', 'Welcome to Asimos. No notifications yet.', 'System', '2025-12-28', '', 0, 'ALL', NULL),
('12157', 'Welcome to Asimos. No notifications yet.', 'System', '2025-12-28', '', 0, 'ALL', NULL),
('12158', 'Welcome to Asimos. No notifications yet.', 'System', '2025-12-28', '', 0, 'ALL', NULL),
('12159', 'Welcome to Asimos. No notifications yet.', 'System', '2025-12-28', '', 0, 'ALL', NULL),
('12160', 'Welcome to Asimos. No notifications yet.', 'System', '2025-12-28', '', 0, 'ALL', NULL),
('12161', 'Welcome to Asimos. No notifications yet.', 'System', '2025-12-28', '', 0, 'ALL', NULL),
('12162', 'Welcome to Asimos. No notifications yet.', 'System', '2025-12-28', '', 0, 'ALL', NULL),
('12163', 'Welcome to Asimos. No notifications yet.', 'System', '2025-12-28', '', 0, 'ALL', NULL),
('12164', 'Welcome to Asimos. No notifications yet.', 'System', '2025-12-28', '', 0, 'ALL', NULL),
('12165', 'Welcome to Asimos. No notifications yet.', 'System', '2025-12-28', '', 0, 'ALL', NULL),
('12166', 'Welcome to Asimos. No notifications yet.', 'System', '2025-12-28', '', 0, 'ALL', NULL),
('12167', 'Welcome to Asimos. No notifications yet.', 'System', '2025-12-28', '', 0, 'ALL', NULL),
('12168', 'Welcome to Asimos. No notifications yet.', 'System', '2025-12-28', '', 0, 'ALL', NULL),
('12169', 'Welcome to Asimos. No notifications yet.', 'System', '2025-12-28', '', 0, 'ALL', NULL),
('12170', 'Welcome to Asimos. No notifications yet.', 'System', '2025-12-28', '', 0, 'ALL', NULL),
('12171', 'Welcome to Asimos. No notifications yet.', 'System', '2025-12-28', '', 0, 'ALL', NULL),
('12172', 'Welcome to Asimos. No notifications yet.', 'System', '2025-12-28', '', 0, 'ALL', NULL),
('12173', 'Welcome to Asimos. No notifications yet.', 'System', '2025-12-28', '', 0, 'ALL', NULL),
('12174', 'Welcome to Asimos. No notifications yet.', 'System', '2025-12-28', '', 0, 'ALL', NULL),
('12175', 'Welcome to Asimos. No notifications yet.', 'System', '2025-12-28', '', 0, 'ALL', NULL),
('12176', 'Welcome to Asimos. No notifications yet.', 'System', '2025-12-28', '', 0, 'ALL', NULL),
('12177', 'Welcome to Asimos. No notifications yet.', 'System', '2025-12-28', '', 0, 'ALL', NULL),
('12178', 'Welcome to Asimos. No notifications yet.', 'System', '2025-12-28', '', 0, 'ALL', NULL),
('12179', 'Welcome to Asimos. No notifications yet.', 'System', '2025-12-28', '', 0, 'ALL', NULL),
('12180', 'Welcome to Asimos. No notifications yet.', 'System', '2025-12-28', '', 0, 'ALL', NULL),
('12181', 'Welcome to Asimos. No notifications yet.', 'System', '2025-12-28', '', 0, 'ALL', NULL),
('12182', 'Welcome to Asimos. No notifications yet.', 'System', '2025-12-28', '', 0, 'ALL', NULL),
('12183', 'Welcome to Asimos. No notifications yet.', 'System', '2025-12-28', '', 0, 'ALL', NULL),
('12184', 'Welcome to Asimos. No notifications yet.', 'System', '2025-12-28', '', 0, 'ALL', NULL),
('12185', 'Welcome to Asimos. No notifications yet.', 'System', '2025-12-28', '', 0, 'ALL', NULL),
('12186', 'Welcome to Asimos. No notifications yet.', 'System', '2025-12-28', '', 0, 'ALL', NULL),
('12187', 'Welcome to Asimos. No notifications yet.', 'System', '2025-12-28', '', 0, 'ALL', NULL),
('12188', 'Welcome to Asimos. No notifications yet.', 'System', '2025-12-28', '', 0, 'ALL', NULL),
('12189', 'Welcome to Asimos. No notifications yet.', 'System', '2025-12-28', '', 0, 'ALL', NULL),
('12190', 'Welcome to Asimos. No notifications yet.', 'System', '2025-12-28', '', 0, 'ALL', NULL),
('T001', 'Welcome Teacher. No notifications yet.', 'System', '2025-12-28', '', 0, 'ALL', NULL),
('N123', 'Tomorrow is a holiday', '2017115610', '28-12-2025', '10:30', 1, 'SECTION', '3-A'),
('CLASS_1_A', 'qwerty', '2017115610', '2025-12-28', '09:49', 0, 'ALL', NULL),
('CLASS_3_A', 'pop', '2017115610', '2025-12-28', '09:51', 0, 'ALL', NULL);

-- --------------------------------------------------------

--
-- Table structure for table `student_info`
--

CREATE TABLE `student_info` (
  `id` varchar(20) NOT NULL,
  `name` varchar(50) DEFAULT NULL,
  `age` int(11) DEFAULT NULL,
  `standard` int(11) DEFAULT NULL,
  `section` varchar(2) DEFAULT NULL,
  `gender` varchar(10) DEFAULT NULL,
  `dateOfBirth` varchar(20) DEFAULT NULL,
  `address` varchar(150) DEFAULT NULL,
  `bloodGroup` varchar(5) DEFAULT NULL,
  `phone` varchar(15) DEFAULT NULL,
  `emailID` varchar(50) DEFAULT NULL,
  `fatherName` varchar(50) DEFAULT NULL,
  `fatherOccupation` varchar(50) DEFAULT NULL,
  `fatherPhone` varchar(15) DEFAULT NULL,
  `fatherAnnualIncome` varchar(15) DEFAULT NULL,
  `motherName` varchar(50) DEFAULT NULL,
  `motherOccupation` varchar(50) DEFAULT NULL,
  `motherPhone` varchar(15) DEFAULT NULL,
  `motherAnnualIncome` varchar(15) DEFAULT NULL,
  `community` varchar(20) DEFAULT NULL,
  `identificationMark` varchar(50) DEFAULT NULL,
  `comments` varchar(50) DEFAULT NULL,
  `previousEducation` varchar(100) DEFAULT NULL,
  `coCurricularActivity` varchar(50) DEFAULT NULL,
  `locOfProfilePic` varchar(150) DEFAULT NULL
) ENGINE=InnoDB DEFAULT CHARSET=utf8mb4 COLLATE=utf8mb4_general_ci;

--
-- Dumping data for table `student_info`
--

INSERT INTO `student_info` (`id`, `name`, `age`, `standard`, `section`, `gender`, `dateOfBirth`, `address`, `bloodGroup`, `phone`, `emailID`, `fatherName`, `fatherOccupation`, `fatherPhone`, `fatherAnnualIncome`, `motherName`, `motherOccupation`, `motherPhone`, `motherAnnualIncome`, `community`, `identificationMark`, `comments`, `previousEducation`, `coCurricularActivity`, `locOfProfilePic`) VALUES
('11001', 'Aarav Kumar', 6, 1, 'A', 'Male', '2019-06-12', 'Pondicherry', 'B+', '9000000011', 'aarav1a@mail.com', 'R Kumar', 'Engineer', '9000000111', NULL, 'S Kumar', 'Teacher', '9000000211', NULL, 'General', NULL, '-', NULL, NULL, './assets/img/stdImg/default.png'),
('11002', 'Vihaan Rao', 6, 1, 'A', 'Male', '2019-07-21', 'Pondicherry', 'O+', '9000000012', 'vihaan1a@mail.com', 'S Rao', 'Doctor', '9000000112', NULL, 'M Rao', 'Nurse', '9000000212', NULL, 'General', NULL, '-', NULL, NULL, './assets/img/stdImg/default.png'),
('11003', 'Ananya Iyer', 6, 1, 'A', 'Female', '2019-03-15', 'Pondicherry', 'A+', '9000000013', 'ananya1a@mail.com', 'R Iyer', 'Lawyer', '9000000113', NULL, 'P Iyer', 'Homemaker', '9000000213', NULL, 'OBC', NULL, '-', NULL, NULL, './assets/img/stdImg/default.png'),
('11004', 'Diya Sharma', 6, 1, 'A', 'Female', '2019-08-01', 'Pondicherry', 'B+', '9000000014', 'diya1a@mail.com', 'M Sharma', 'Business', '9000000114', NULL, 'N Sharma', 'Accountant', '9000000214', NULL, 'General', NULL, '-', NULL, NULL, './assets/img/stdImg/default.png'),
('11005', 'Arjun Singh', 6, 1, 'A', 'Male', '2019-02-10', 'Pondicherry', 'AB+', '9000000015', 'arjun1a@mail.com', 'K Singh', 'Army', '9000000115', NULL, 'S Singh', 'Homemaker', '9000000215', NULL, 'General', NULL, '-', NULL, NULL, './assets/img/stdImg/default.png'),
('11006', 'Meera Nair', 6, 1, 'A', 'Female', '2019-05-19', 'Pondicherry', 'O+', '9000000016', 'meera1a@mail.com', 'V Nair', 'Banker', '9000000116', NULL, 'L Nair', 'Teacher', '9000000216', NULL, 'General', NULL, '-', NULL, NULL, './assets/img/stdImg/default.png'),
('11007', 'Ishaan Patel', 6, 1, 'A', 'Male', '2019-09-03', 'Pondicherry', 'B+', '9000000017', 'ishaan1a@mail.com', 'A Patel', 'Trader', '9000000117', NULL, 'H Patel', 'Homemaker', '9000000217', NULL, 'OBC', NULL, '-', NULL, NULL, './assets/img/stdImg/default.png'),
('11008', 'Sara Khan', 6, 1, 'A', 'Female', '2019-11-22', 'Pondicherry', 'A+', '9000000018', 'sara1a@mail.com', 'F Khan', 'Manager', '9000000118', NULL, 'Z Khan', 'Designer', '9000000218', NULL, 'General', NULL, '-', NULL, NULL, './assets/img/stdImg/default.png'),
('11009', 'Kabir Joshi', 6, 1, 'A', 'Male', '2019-01-17', 'Pondicherry', 'O-', '9000000019', 'kabir1a@mail.com', 'P Joshi', 'Consultant', '9000000119', NULL, 'R Joshi', 'Writer', '9000000219', NULL, 'General', NULL, '-', NULL, NULL, './assets/img/stdImg/default.png'),
('11010', 'Riya Verma', 6, 1, 'A', 'Female', '2019-04-28', 'Pondicherry', 'B-', '9000000020', 'riya1a@mail.com', 'S Verma', 'Architect', '9000000120', NULL, 'K Verma', 'Interior', '9000000220', NULL, 'General', NULL, '-', NULL, NULL, './assets/img/stdImg/default.png'),
('12001', 'Student_1B_01', 6, 1, 'B', 'Male', '2018-06-01', 'Pondicherry', 'O+', '9000022001', 's1b1@school.test', 'Father_12001', 'Engineer', '919000022001', '500000', 'Mother_12001', 'Teacher', '929000022001', '300000', 'General', 'NA', '-', 'Previous School', 'Sports', './assets/img/stdImg/default.png'),
('12002', 'Student_1B_02', 6, 1, 'B', 'Male', '2018-06-02', 'Pondicherry', 'O+', '9000022002', 's1b2@school.test', 'Father_12002', 'Engineer', '919000022002', '500000', 'Mother_12002', 'Teacher', '929000022002', '300000', 'General', 'NA', '-', 'Previous School', 'Sports', './assets/img/stdImg/default.png'),
('12003', 'Student_1B_03', 6, 1, 'B', 'Male', '2018-06-03', 'Pondicherry', 'O+', '9000022003', 's1b3@school.test', 'Father_12003', 'Engineer', '919000022003', '500000', 'Mother_12003', 'Teacher', '929000022003', '300000', 'General', 'NA', '-', 'Previous School', 'Sports', './assets/img/stdImg/default.png'),
('12004', 'Student_1B_04', 6, 1, 'B', 'Male', '2018-06-04', 'Pondicherry', 'O+', '9000022004', 's1b4@school.test', 'Father_12004', 'Engineer', '919000022004', '500000', 'Mother_12004', 'Teacher', '929000022004', '300000', 'General', 'NA', '-', 'Previous School', 'Sports', './assets/img/stdImg/default.png'),
('12005', 'Student_1B_05', 6, 1, 'B', 'Male', '2018-06-05', 'Pondicherry', 'O+', '9000022005', 's1b5@school.test', 'Father_12005', 'Engineer', '919000022005', '500000', 'Mother_12005', 'Teacher', '929000022005', '300000', 'General', 'NA', '-', 'Previous School', 'Sports', './assets/img/stdImg/default.png'),
('12006', 'Student_1B_06', 6, 1, 'B', 'Male', '2018-06-06', 'Pondicherry', 'O+', '9000022006', 's1b6@school.test', 'Father_12006', 'Engineer', '919000022006', '500000', 'Mother_12006', 'Teacher', '929000022006', '300000', 'General', 'NA', '-', 'Previous School', 'Sports', './assets/img/stdImg/default.png'),
('12007', 'Student_1B_07', 6, 1, 'B', 'Male', '2018-06-07', 'Pondicherry', 'O+', '9000022007', 's1b7@school.test', 'Father_12007', 'Engineer', '919000022007', '500000', 'Mother_12007', 'Teacher', '929000022007', '300000', 'General', 'NA', '-', 'Previous School', 'Sports', './assets/img/stdImg/default.png'),
('12008', 'Student_1B_08', 6, 1, 'B', 'Male', '2018-06-08', 'Pondicherry', 'O+', '9000022008', 's1b8@school.test', 'Father_12008', 'Engineer', '919000022008', '500000', 'Mother_12008', 'Teacher', '929000022008', '300000', 'General', 'NA', '-', 'Previous School', 'Sports', './assets/img/stdImg/default.png'),
('12009', 'Student_1B_09', 6, 1, 'B', 'Male', '2018-06-09', 'Pondicherry', 'O+', '9000022009', 's1b9@school.test', 'Father_12009', 'Engineer', '919000022009', '500000', 'Mother_12009', 'Teacher', '929000022009', '300000', 'General', 'NA', '-', 'Previous School', 'Sports', './assets/img/stdImg/default.png'),
('12010', 'Student_1B_10', 6, 1, 'B', 'Male', '2018-06-10', 'Pondicherry', 'O+', '9000022010', 's1b10@school.test', 'Father_12010', 'Engineer', '919000022010', '500000', 'Mother_12010', 'Teacher', '929000022010', '300000', 'General', 'NA', '-', 'Previous School', 'Sports', './assets/img/stdImg/default.png'),
('12011', 'Student_1C_01', 6, 1, 'C', 'Male', '2018-06-01', 'Pondicherry', 'O+', '9000022011', 's1c1@school.test', 'Father_12011', 'Engineer', '919000022011', '500000', 'Mother_12011', 'Teacher', '929000022011', '300000', 'General', 'NA', '-', 'Previous School', 'Sports', './assets/img/stdImg/default.png'),
('12012', 'Student_1C_02', 6, 1, 'C', 'Male', '2018-06-02', 'Pondicherry', 'O+', '9000022012', 's1c2@school.test', 'Father_12012', 'Engineer', '919000022012', '500000', 'Mother_12012', 'Teacher', '929000022012', '300000', 'General', 'NA', '-', 'Previous School', 'Sports', './assets/img/stdImg/default.png'),
('12013', 'Student_1C_03', 6, 1, 'C', 'Male', '2018-06-03', 'Pondicherry', 'O+', '9000022013', 's1c3@school.test', 'Father_12013', 'Engineer', '919000022013', '500000', 'Mother_12013', 'Teacher', '929000022013', '300000', 'General', 'NA', '-', 'Previous School', 'Sports', './assets/img/stdImg/default.png'),
('12014', 'Student_1C_04', 6, 1, 'C', 'Male', '2018-06-04', 'Pondicherry', 'O+', '9000022014', 's1c4@school.test', 'Father_12014', 'Engineer', '919000022014', '500000', 'Mother_12014', 'Teacher', '929000022014', '300000', 'General', 'NA', '-', 'Previous School', 'Sports', './assets/img/stdImg/default.png'),
('12015', 'Student_1C_05', 6, 1, 'C', 'Male', '2018-06-05', 'Pondicherry', 'O+', '9000022015', 's1c5@school.test', 'Father_12015', 'Engineer', '919000022015', '500000', 'Mother_12015', 'Teacher', '929000022015', '300000', 'General', 'NA', '-', 'Previous School', 'Sports', './assets/img/stdImg/default.png'),
('12016', 'Student_1C_06', 6, 1, 'C', 'Male', '2018-06-06', 'Pondicherry', 'O+', '9000022016', 's1c6@school.test', 'Father_12016', 'Engineer', '919000022016', '500000', 'Mother_12016', 'Teacher', '929000022016', '300000', 'General', 'NA', '-', 'Previous School', 'Sports', './assets/img/stdImg/default.png'),
('12017', 'Student_1C_07', 6, 1, 'C', 'Male', '2018-06-07', 'Pondicherry', 'O+', '9000022017', 's1c7@school.test', 'Father_12017', 'Engineer', '919000022017', '500000', 'Mother_12017', 'Teacher', '929000022017', '300000', 'General', 'NA', '-', 'Previous School', 'Sports', './assets/img/stdImg/default.png'),
('12018', 'Student_1C_08', 6, 1, 'C', 'Male', '2018-06-08', 'Pondicherry', 'O+', '9000022018', 's1c8@school.test', 'Father_12018', 'Engineer', '919000022018', '500000', 'Mother_12018', 'Teacher', '929000022018', '300000', 'General', 'NA', '-', 'Previous School', 'Sports', './assets/img/stdImg/default.png'),
('12019', 'Student_1C_09', 6, 1, 'C', 'Male', '2018-06-09', 'Pondicherry', 'O+', '9000022019', 's1c9@school.test', 'Father_12019', 'Engineer', '919000022019', '500000', 'Mother_12019', 'Teacher', '929000022019', '300000', 'General', 'NA', '-', 'Previous School', 'Sports', './assets/img/stdImg/default.png'),
('12020', 'Student_1C_10', 6, 1, 'C', 'Male', '2018-06-10', 'Pondicherry', 'O+', '9000022020', 's1c10@school.test', 'Father_12020', 'Engineer', '919000022020', '500000', 'Mother_12020', 'Teacher', '929000022020', '300000', 'General', 'NA', '-', 'Previous School', 'Sports', './assets/img/stdImg/default.png'),
('12021', 'Student_1D_01', 6, 1, 'D', 'Male', '2018-06-01', 'Pondicherry', 'O+', '9000022021', 's1d1@school.test', 'Father_12021', 'Engineer', '919000022021', '500000', 'Mother_12021', 'Teacher', '929000022021', '300000', 'General', 'NA', '-', 'Previous School', 'Sports', './assets/img/stdImg/default.png'),
('12022', 'Student_1D_02', 6, 1, 'D', 'Male', '2018-06-02', 'Pondicherry', 'O+', '9000022022', 's1d2@school.test', 'Father_12022', 'Engineer', '919000022022', '500000', 'Mother_12022', 'Teacher', '929000022022', '300000', 'General', 'NA', '-', 'Previous School', 'Sports', './assets/img/stdImg/default.png'),
('12023', 'Student_1D_03', 6, 1, 'D', 'Male', '2018-06-03', 'Pondicherry', 'O+', '9000022023', 's1d3@school.test', 'Father_12023', 'Engineer', '919000022023', '500000', 'Mother_12023', 'Teacher', '929000022023', '300000', 'General', 'NA', '-', 'Previous School', 'Sports', './assets/img/stdImg/default.png'),
('12024', 'Student_1D_04', 6, 1, 'D', 'Male', '2018-06-04', 'Pondicherry', 'O+', '9000022024', 's1d4@school.test', 'Father_12024', 'Engineer', '919000022024', '500000', 'Mother_12024', 'Teacher', '929000022024', '300000', 'General', 'NA', '-', 'Previous School', 'Sports', './assets/img/stdImg/default.png'),
('12025', 'Student_1D_05', 6, 1, 'D', 'Male', '2018-06-05', 'Pondicherry', 'O+', '9000022025', 's1d5@school.test', 'Father_12025', 'Engineer', '919000022025', '500000', 'Mother_12025', 'Teacher', '929000022025', '300000', 'General', 'NA', '-', 'Previous School', 'Sports', './assets/img/stdImg/default.png'),
('12026', 'Student_1D_06', 6, 1, 'D', 'Male', '2018-06-06', 'Pondicherry', 'O+', '9000022026', 's1d6@school.test', 'Father_12026', 'Engineer', '919000022026', '500000', 'Mother_12026', 'Teacher', '929000022026', '300000', 'General', 'NA', '-', 'Previous School', 'Sports', './assets/img/stdImg/default.png'),
('12027', 'Student_1D_07', 6, 1, 'D', 'Male', '2018-06-07', 'Pondicherry', 'O+', '9000022027', 's1d7@school.test', 'Father_12027', 'Engineer', '919000022027', '500000', 'Mother_12027', 'Teacher', '929000022027', '300000', 'General', 'NA', '-', 'Previous School', 'Sports', './assets/img/stdImg/default.png'),
('12028', 'Student_1D_08', 6, 1, 'D', 'Male', '2018-06-08', 'Pondicherry', 'O+', '9000022028', 's1d8@school.test', 'Father_12028', 'Engineer', '919000022028', '500000', 'Mother_12028', 'Teacher', '929000022028', '300000', 'General', 'NA', '-', 'Previous School', 'Sports', './assets/img/stdImg/default.png'),
('12029', 'Student_1D_09', 6, 1, 'D', 'Male', '2018-06-09', 'Pondicherry', 'O+', '9000022029', 's1d9@school.test', 'Father_12029', 'Engineer', '919000022029', '500000', 'Mother_12029', 'Teacher', '929000022029', '300000', 'General', 'NA', '-', 'Previous School', 'Sports', './assets/img/stdImg/default.png'),
('12030', 'Student_1D_10', 6, 1, 'D', 'Male', '2018-06-10', 'Pondicherry', 'O+', '9000022030', 's1d10@school.test', 'Father_12030', 'Engineer', '919000022030', '500000', 'Mother_12030', 'Teacher', '929000022030', '300000', 'General', 'NA', '-', 'Previous School', 'Sports', './assets/img/stdImg/default.png'),
('12031', 'Student_2A_01', 7, 2, 'A', 'Male', '2017-06-01', 'Pondicherry', 'O+', '9000022031', 's2a1@school.test', 'Father_12031', 'Engineer', '919000022031', '500000', 'Mother_12031', 'Teacher', '929000022031', '300000', 'General', 'NA', '-', 'Previous School', 'Sports', './assets/img/stdImg/default.png'),
('12032', 'Student_2A_02', 7, 2, 'A', 'Male', '2017-06-02', 'Pondicherry', 'O+', '9000022032', 's2a2@school.test', 'Father_12032', 'Engineer', '919000022032', '500000', 'Mother_12032', 'Teacher', '929000022032', '300000', 'General', 'NA', '-', 'Previous School', 'Sports', './assets/img/stdImg/default.png'),
('12033', 'Student_2A_03', 7, 2, 'A', 'Male', '2017-06-03', 'Pondicherry', 'O+', '9000022033', 's2a3@school.test', 'Father_12033', 'Engineer', '919000022033', '500000', 'Mother_12033', 'Teacher', '929000022033', '300000', 'General', 'NA', '-', 'Previous School', 'Sports', './assets/img/stdImg/default.png'),
('12034', 'Student_2A_04', 7, 2, 'A', 'Male', '2017-06-04', 'Pondicherry', 'O+', '9000022034', 's2a4@school.test', 'Father_12034', 'Engineer', '919000022034', '500000', 'Mother_12034', 'Teacher', '929000022034', '300000', 'General', 'NA', '-', 'Previous School', 'Sports', './assets/img/stdImg/default.png'),
('12035', 'Student_2A_05', 7, 2, 'A', 'Male', '2017-06-05', 'Pondicherry', 'O+', '9000022035', 's2a5@school.test', 'Father_12035', 'Engineer', '919000022035', '500000', 'Mother_12035', 'Teacher', '929000022035', '300000', 'General', 'NA', '-', 'Previous School', 'Sports', './assets/img/stdImg/default.png'),
('12036', 'Student_2A_06', 7, 2, 'A', 'Male', '2017-06-06', 'Pondicherry', 'O+', '9000022036', 's2a6@school.test', 'Father_12036', 'Engineer', '919000022036', '500000', 'Mother_12036', 'Teacher', '929000022036', '300000', 'General', 'NA', '-', 'Previous School', 'Sports', './assets/img/stdImg/default.png'),
('12037', 'Student_2A_07', 7, 2, 'A', 'Male', '2017-06-07', 'Pondicherry', 'O+', '9000022037', 's2a7@school.test', 'Father_12037', 'Engineer', '919000022037', '500000', 'Mother_12037', 'Teacher', '929000022037', '300000', 'General', 'NA', '-', 'Previous School', 'Sports', './assets/img/stdImg/default.png'),
('12038', 'Student_2A_08', 7, 2, 'A', 'Male', '2017-06-08', 'Pondicherry', 'O+', '9000022038', 's2a8@school.test', 'Father_12038', 'Engineer', '919000022038', '500000', 'Mother_12038', 'Teacher', '929000022038', '300000', 'General', 'NA', '-', 'Previous School', 'Sports', './assets/img/stdImg/default.png'),
('12039', 'Student_2A_09', 7, 2, 'A', 'Male', '2017-06-09', 'Pondicherry', 'O+', '9000022039', 's2a9@school.test', 'Father_12039', 'Engineer', '919000022039', '500000', 'Mother_12039', 'Teacher', '929000022039', '300000', 'General', 'NA', '-', 'Previous School', 'Sports', './assets/img/stdImg/default.png'),
('12040', 'Student_2A_10', 7, 2, 'A', 'Male', '2017-06-10', 'Pondicherry', 'O+', '9000022040', 's2a10@school.test', 'Father_12040', 'Engineer', '919000022040', '500000', 'Mother_12040', 'Teacher', '929000022040', '300000', 'General', 'NA', '-', 'Previous School', 'Sports', './assets/img/stdImg/default.png'),
('12041', 'Student_2B_01', 7, 2, 'B', 'Male', '2017-06-01', 'Pondicherry', 'O+', '9000022041', 's2b1@school.test', 'Father_12041', 'Engineer', '919000022041', '500000', 'Mother_12041', 'Teacher', '929000022041', '300000', 'General', 'NA', '-', 'Previous School', 'Sports', './assets/img/stdImg/default.png'),
('12042', 'Student_2B_02', 7, 2, 'B', 'Male', '2017-06-02', 'Pondicherry', 'O+', '9000022042', 's2b2@school.test', 'Father_12042', 'Engineer', '919000022042', '500000', 'Mother_12042', 'Teacher', '929000022042', '300000', 'General', 'NA', '-', 'Previous School', 'Sports', './assets/img/stdImg/default.png'),
('12043', 'Student_2B_03', 7, 2, 'B', 'Male', '2017-06-03', 'Pondicherry', 'O+', '9000022043', 's2b3@school.test', 'Father_12043', 'Engineer', '919000022043', '500000', 'Mother_12043', 'Teacher', '929000022043', '300000', 'General', 'NA', '-', 'Previous School', 'Sports', './assets/img/stdImg/default.png'),
('12044', 'Student_2B_04', 7, 2, 'B', 'Male', '2017-06-04', 'Pondicherry', 'O+', '9000022044', 's2b4@school.test', 'Father_12044', 'Engineer', '919000022044', '500000', 'Mother_12044', 'Teacher', '929000022044', '300000', 'General', 'NA', '-', 'Previous School', 'Sports', './assets/img/stdImg/default.png'),
('12045', 'Student_2B_05', 7, 2, 'B', 'Male', '2017-06-05', 'Pondicherry', 'O+', '9000022045', 's2b5@school.test', 'Father_12045', 'Engineer', '919000022045', '500000', 'Mother_12045', 'Teacher', '929000022045', '300000', 'General', 'NA', '-', 'Previous School', 'Sports', './assets/img/stdImg/default.png'),
('12046', 'Student_2B_06', 7, 2, 'B', 'Male', '2017-06-06', 'Pondicherry', 'O+', '9000022046', 's2b6@school.test', 'Father_12046', 'Engineer', '919000022046', '500000', 'Mother_12046', 'Teacher', '929000022046', '300000', 'General', 'NA', '-', 'Previous School', 'Sports', './assets/img/stdImg/default.png'),
('12047', 'Student_2B_07', 7, 2, 'B', 'Male', '2017-06-07', 'Pondicherry', 'O+', '9000022047', 's2b7@school.test', 'Father_12047', 'Engineer', '919000022047', '500000', 'Mother_12047', 'Teacher', '929000022047', '300000', 'General', 'NA', '-', 'Previous School', 'Sports', './assets/img/stdImg/default.png'),
('12048', 'Student_2B_08', 7, 2, 'B', 'Male', '2017-06-08', 'Pondicherry', 'O+', '9000022048', 's2b8@school.test', 'Father_12048', 'Engineer', '919000022048', '500000', 'Mother_12048', 'Teacher', '929000022048', '300000', 'General', 'NA', '-', 'Previous School', 'Sports', './assets/img/stdImg/default.png'),
('12049', 'Student_2B_09', 7, 2, 'B', 'Male', '2017-06-09', 'Pondicherry', 'O+', '9000022049', 's2b9@school.test', 'Father_12049', 'Engineer', '919000022049', '500000', 'Mother_12049', 'Teacher', '929000022049', '300000', 'General', 'NA', '-', 'Previous School', 'Sports', './assets/img/stdImg/default.png'),
('12050', 'Student_2B_10', 7, 2, 'B', 'Male', '2017-06-10', 'Pondicherry', 'O+', '9000022050', 's2b10@school.test', 'Father_12050', 'Engineer', '919000022050', '500000', 'Mother_12050', 'Teacher', '929000022050', '300000', 'General', 'NA', '-', 'Previous School', 'Sports', './assets/img/stdImg/default.png'),
('12051', 'Student_2C_01', 7, 2, 'C', 'Male', '2017-06-01', 'Pondicherry', 'O+', '9000022051', 's2c1@school.test', 'Father_12051', 'Engineer', '919000022051', '500000', 'Mother_12051', 'Teacher', '929000022051', '300000', 'General', 'NA', '-', 'Previous School', 'Sports', './assets/img/stdImg/default.png'),
('12052', 'Student_2C_02', 7, 2, 'C', 'Male', '2017-06-02', 'Pondicherry', 'O+', '9000022052', 's2c2@school.test', 'Father_12052', 'Engineer', '919000022052', '500000', 'Mother_12052', 'Teacher', '929000022052', '300000', 'General', 'NA', '-', 'Previous School', 'Sports', './assets/img/stdImg/default.png'),
('12053', 'Student_2C_03', 7, 2, 'C', 'Male', '2017-06-03', 'Pondicherry', 'O+', '9000022053', 's2c3@school.test', 'Father_12053', 'Engineer', '919000022053', '500000', 'Mother_12053', 'Teacher', '929000022053', '300000', 'General', 'NA', '-', 'Previous School', 'Sports', './assets/img/stdImg/default.png'),
('12054', 'Student_2C_04', 7, 2, 'C', 'Male', '2017-06-04', 'Pondicherry', 'O+', '9000022054', 's2c4@school.test', 'Father_12054', 'Engineer', '919000022054', '500000', 'Mother_12054', 'Teacher', '929000022054', '300000', 'General', 'NA', '-', 'Previous School', 'Sports', './assets/img/stdImg/default.png'),
('12055', 'Student_2C_05', 7, 2, 'C', 'Male', '2017-06-05', 'Pondicherry', 'O+', '9000022055', 's2c5@school.test', 'Father_12055', 'Engineer', '919000022055', '500000', 'Mother_12055', 'Teacher', '929000022055', '300000', 'General', 'NA', '-', 'Previous School', 'Sports', './assets/img/stdImg/default.png'),
('12056', 'Student_2C_06', 7, 2, 'C', 'Male', '2017-06-06', 'Pondicherry', 'O+', '9000022056', 's2c6@school.test', 'Father_12056', 'Engineer', '919000022056', '500000', 'Mother_12056', 'Teacher', '929000022056', '300000', 'General', 'NA', '-', 'Previous School', 'Sports', './assets/img/stdImg/default.png'),
('12057', 'Student_2C_07', 7, 2, 'C', 'Male', '2017-06-07', 'Pondicherry', 'O+', '9000022057', 's2c7@school.test', 'Father_12057', 'Engineer', '919000022057', '500000', 'Mother_12057', 'Teacher', '929000022057', '300000', 'General', 'NA', '-', 'Previous School', 'Sports', './assets/img/stdImg/default.png'),
('12058', 'Student_2C_08', 7, 2, 'C', 'Male', '2017-06-08', 'Pondicherry', 'O+', '9000022058', 's2c8@school.test', 'Father_12058', 'Engineer', '919000022058', '500000', 'Mother_12058', 'Teacher', '929000022058', '300000', 'General', 'NA', '-', 'Previous School', 'Sports', './assets/img/stdImg/default.png'),
('12059', 'Student_2C_09', 7, 2, 'C', 'Male', '2017-06-09', 'Pondicherry', 'O+', '9000022059', 's2c9@school.test', 'Father_12059', 'Engineer', '919000022059', '500000', 'Mother_12059', 'Teacher', '929000022059', '300000', 'General', 'NA', '-', 'Previous School', 'Sports', './assets/img/stdImg/default.png'),
('12060', 'Student_2C_10', 7, 2, 'C', 'Male', '2017-06-10', 'Pondicherry', 'O+', '9000022060', 's2c10@school.test', 'Father_12060', 'Engineer', '919000022060', '500000', 'Mother_12060', 'Teacher', '929000022060', '300000', 'General', 'NA', '-', 'Previous School', 'Sports', './assets/img/stdImg/default.png'),
('12061', 'Student_2D_01', 7, 2, 'D', 'Male', '2017-06-01', 'Pondicherry', 'O+', '9000022061', 's2d1@school.test', 'Father_12061', 'Engineer', '919000022061', '500000', 'Mother_12061', 'Teacher', '929000022061', '300000', 'General', 'NA', '-', 'Previous School', 'Sports', './assets/img/stdImg/default.png'),
('12062', 'Student_2D_02', 7, 2, 'D', 'Male', '2017-06-02', 'Pondicherry', 'O+', '9000022062', 's2d2@school.test', 'Father_12062', 'Engineer', '919000022062', '500000', 'Mother_12062', 'Teacher', '929000022062', '300000', 'General', 'NA', '-', 'Previous School', 'Sports', './assets/img/stdImg/default.png'),
('12063', 'Student_2D_03', 7, 2, 'D', 'Male', '2017-06-03', 'Pondicherry', 'O+', '9000022063', 's2d3@school.test', 'Father_12063', 'Engineer', '919000022063', '500000', 'Mother_12063', 'Teacher', '929000022063', '300000', 'General', 'NA', '-', 'Previous School', 'Sports', './assets/img/stdImg/default.png'),
('12064', 'Student_2D_04', 7, 2, 'D', 'Male', '2017-06-04', 'Pondicherry', 'O+', '9000022064', 's2d4@school.test', 'Father_12064', 'Engineer', '919000022064', '500000', 'Mother_12064', 'Teacher', '929000022064', '300000', 'General', 'NA', '-', 'Previous School', 'Sports', './assets/img/stdImg/default.png'),
('12065', 'Student_2D_05', 7, 2, 'D', 'Male', '2017-06-05', 'Pondicherry', 'O+', '9000022065', 's2d5@school.test', 'Father_12065', 'Engineer', '919000022065', '500000', 'Mother_12065', 'Teacher', '929000022065', '300000', 'General', 'NA', '-', 'Previous School', 'Sports', './assets/img/stdImg/default.png'),
('12066', 'Student_2D_06', 7, 2, 'D', 'Male', '2017-06-06', 'Pondicherry', 'O+', '9000022066', 's2d6@school.test', 'Father_12066', 'Engineer', '919000022066', '500000', 'Mother_12066', 'Teacher', '929000022066', '300000', 'General', 'NA', '-', 'Previous School', 'Sports', './assets/img/stdImg/default.png'),
('12067', 'Student_2D_07', 7, 2, 'D', 'Male', '2017-06-07', 'Pondicherry', 'O+', '9000022067', 's2d7@school.test', 'Father_12067', 'Engineer', '919000022067', '500000', 'Mother_12067', 'Teacher', '929000022067', '300000', 'General', 'NA', '-', 'Previous School', 'Sports', './assets/img/stdImg/default.png'),
('12068', 'Student_2D_08', 7, 2, 'D', 'Male', '2017-06-08', 'Pondicherry', 'O+', '9000022068', 's2d8@school.test', 'Father_12068', 'Engineer', '919000022068', '500000', 'Mother_12068', 'Teacher', '929000022068', '300000', 'General', 'NA', '-', 'Previous School', 'Sports', './assets/img/stdImg/default.png'),
('12069', 'Student_2D_09', 7, 2, 'D', 'Male', '2017-06-09', 'Pondicherry', 'O+', '9000022069', 's2d9@school.test', 'Father_12069', 'Engineer', '919000022069', '500000', 'Mother_12069', 'Teacher', '929000022069', '300000', 'General', 'NA', '-', 'Previous School', 'Sports', './assets/img/stdImg/default.png'),
('12070', 'Student_2D_10', 7, 2, 'D', 'Male', '2017-06-10', 'Pondicherry', 'O+', '9000022070', 's2d10@school.test', 'Father_12070', 'Engineer', '919000022070', '500000', 'Mother_12070', 'Teacher', '929000022070', '300000', 'General', 'NA', '-', 'Previous School', 'Sports', './assets/img/stdImg/default.png'),
('12071', 'Student_3A_01', 8, 3, 'A', 'Male', '2016-06-01', 'Pondicherry', 'O+', '9000022071', 's3a1@school.test', 'Father_12071', 'Engineer', '919000022071', '500000', 'Mother_12071', 'Teacher', '929000022071', '300000', 'General', 'NA', '-', 'Previous School', 'Sports', './assets/img/stdImg/default.png'),
('12072', 'Student_3A_02', 8, 3, 'A', 'Male', '2016-06-02', 'Pondicherry', 'O+', '9000022072', 's3a2@school.test', 'Father_12072', 'Engineer', '919000022072', '500000', 'Mother_12072', 'Teacher', '929000022072', '300000', 'General', 'NA', '-', 'Previous School', 'Sports', './assets/img/stdImg/default.png'),
('12073', 'Student_3A_03', 8, 3, 'A', 'Male', '2016-06-03', 'Pondicherry', 'O+', '9000022073', 's3a3@school.test', 'Father_12073', 'Engineer', '919000022073', '500000', 'Mother_12073', 'Teacher', '929000022073', '300000', 'General', 'NA', '-', 'Previous School', 'Sports', './assets/img/stdImg/default.png'),
('12074', 'Student_3A_04', 8, 3, 'A', 'Male', '2016-06-04', 'Pondicherry', 'O+', '9000022074', 's3a4@school.test', 'Father_12074', 'Engineer', '919000022074', '500000', 'Mother_12074', 'Teacher', '929000022074', '300000', 'General', 'NA', '-', 'Previous School', 'Sports', './assets/img/stdImg/default.png'),
('12075', 'Student_3A_05', 8, 3, 'A', 'Male', '2016-06-05', 'Pondicherry', 'O+', '9000022075', 's3a5@school.test', 'Father_12075', 'Engineer', '919000022075', '500000', 'Mother_12075', 'Teacher', '929000022075', '300000', 'General', 'NA', '-', 'Previous School', 'Sports', './assets/img/stdImg/default.png'),
('12076', 'Student_3A_06', 8, 3, 'A', 'Male', '2016-06-06', 'Pondicherry', 'O+', '9000022076', 's3a6@school.test', 'Father_12076', 'Engineer', '919000022076', '500000', 'Mother_12076', 'Teacher', '929000022076', '300000', 'General', 'NA', '-', 'Previous School', 'Sports', './assets/img/stdImg/default.png'),
('12077', 'Student_3A_07', 8, 3, 'A', 'Male', '2016-06-07', 'Pondicherry', 'O+', '9000022077', 's3a7@school.test', 'Father_12077', 'Engineer', '919000022077', '500000', 'Mother_12077', 'Teacher', '929000022077', '300000', 'General', 'NA', '-', 'Previous School', 'Sports', './assets/img/stdImg/default.png'),
('12078', 'Student_3A_08', 8, 3, 'A', 'Male', '2016-06-08', 'Pondicherry', 'O+', '9000022078', 's3a8@school.test', 'Father_12078', 'Engineer', '919000022078', '500000', 'Mother_12078', 'Teacher', '929000022078', '300000', 'General', 'NA', '-', 'Previous School', 'Sports', './assets/img/stdImg/default.png'),
('12079', 'Student_3A_09', 8, 3, 'A', 'Male', '2016-06-09', 'Pondicherry', 'O+', '9000022079', 's3a9@school.test', 'Father_12079', 'Engineer', '919000022079', '500000', 'Mother_12079', 'Teacher', '929000022079', '300000', 'General', 'NA', '-', 'Previous School', 'Sports', './assets/img/stdImg/default.png'),
('12080', 'Student_3A_10', 8, 3, 'A', 'Male', '2016-06-10', 'Pondicherry', 'O+', '9000022080', 's3a10@school.test', 'Father_12080', 'Engineer', '919000022080', '500000', 'Mother_12080', 'Teacher', '929000022080', '300000', 'General', 'NA', '-', 'Previous School', 'Sports', './assets/img/stdImg/default.png'),
('12081', 'Student_3B_01', 8, 3, 'B', 'Male', '2016-06-01', 'Pondicherry', 'O+', '9000022081', 's3b1@school.test', 'Father_12081', 'Engineer', '919000022081', '500000', 'Mother_12081', 'Teacher', '929000022081', '300000', 'General', 'NA', '-', 'Previous School', 'Sports', './assets/img/stdImg/default.png'),
('12082', 'Student_3B_02', 8, 3, 'B', 'Male', '2016-06-02', 'Pondicherry', 'O+', '9000022082', 's3b2@school.test', 'Father_12082', 'Engineer', '919000022082', '500000', 'Mother_12082', 'Teacher', '929000022082', '300000', 'General', 'NA', '-', 'Previous School', 'Sports', './assets/img/stdImg/default.png'),
('12083', 'Student_3B_03', 8, 3, 'B', 'Male', '2016-06-03', 'Pondicherry', 'O+', '9000022083', 's3b3@school.test', 'Father_12083', 'Engineer', '919000022083', '500000', 'Mother_12083', 'Teacher', '929000022083', '300000', 'General', 'NA', '-', 'Previous School', 'Sports', './assets/img/stdImg/default.png'),
('12084', 'Student_3B_04', 8, 3, 'B', 'Male', '2016-06-04', 'Pondicherry', 'O+', '9000022084', 's3b4@school.test', 'Father_12084', 'Engineer', '919000022084', '500000', 'Mother_12084', 'Teacher', '929000022084', '300000', 'General', 'NA', '-', 'Previous School', 'Sports', './assets/img/stdImg/default.png'),
('12085', 'Student_3B_05', 8, 3, 'B', 'Male', '2016-06-05', 'Pondicherry', 'O+', '9000022085', 's3b5@school.test', 'Father_12085', 'Engineer', '919000022085', '500000', 'Mother_12085', 'Teacher', '929000022085', '300000', 'General', 'NA', '-', 'Previous School', 'Sports', './assets/img/stdImg/default.png'),
('12086', 'Student_3B_06', 8, 3, 'B', 'Male', '2016-06-06', 'Pondicherry', 'O+', '9000022086', 's3b6@school.test', 'Father_12086', 'Engineer', '919000022086', '500000', 'Mother_12086', 'Teacher', '929000022086', '300000', 'General', 'NA', '-', 'Previous School', 'Sports', './assets/img/stdImg/default.png'),
('12087', 'Student_3B_07', 8, 3, 'B', 'Male', '2016-06-07', 'Pondicherry', 'O+', '9000022087', 's3b7@school.test', 'Father_12087', 'Engineer', '919000022087', '500000', 'Mother_12087', 'Teacher', '929000022087', '300000', 'General', 'NA', '-', 'Previous School', 'Sports', './assets/img/stdImg/default.png'),
('12088', 'Student_3B_08', 8, 3, 'B', 'Male', '2016-06-08', 'Pondicherry', 'O+', '9000022088', 's3b8@school.test', 'Father_12088', 'Engineer', '919000022088', '500000', 'Mother_12088', 'Teacher', '929000022088', '300000', 'General', 'NA', '-', 'Previous School', 'Sports', './assets/img/stdImg/default.png'),
('12089', 'Student_3B_09', 8, 3, 'B', 'Male', '2016-06-09', 'Pondicherry', 'O+', '9000022089', 's3b9@school.test', 'Father_12089', 'Engineer', '919000022089', '500000', 'Mother_12089', 'Teacher', '929000022089', '300000', 'General', 'NA', '-', 'Previous School', 'Sports', './assets/img/stdImg/default.png'),
('12090', 'Student_3B_10', 8, 3, 'B', 'Male', '2016-06-10', 'Pondicherry', 'O+', '9000022090', 's3b10@school.test', 'Father_12090', 'Engineer', '919000022090', '500000', 'Mother_12090', 'Teacher', '929000022090', '300000', 'General', 'NA', '-', 'Previous School', 'Sports', './assets/img/stdImg/default.png'),
('12091', 'Student_3C_01', 8, 3, 'C', 'Male', '2016-06-01', 'Pondicherry', 'O+', '9000022091', 's3c1@school.test', 'Father_12091', 'Engineer', '919000022091', '500000', 'Mother_12091', 'Teacher', '929000022091', '300000', 'General', 'NA', '-', 'Previous School', 'Sports', './assets/img/stdImg/default.png'),
('12092', 'Student_3C_02', 8, 3, 'C', 'Male', '2016-06-02', 'Pondicherry', 'O+', '9000022092', 's3c2@school.test', 'Father_12092', 'Engineer', '919000022092', '500000', 'Mother_12092', 'Teacher', '929000022092', '300000', 'General', 'NA', '-', 'Previous School', 'Sports', './assets/img/stdImg/default.png'),
('12093', 'Student_3C_03', 8, 3, 'C', 'Male', '2016-06-03', 'Pondicherry', 'O+', '9000022093', 's3c3@school.test', 'Father_12093', 'Engineer', '919000022093', '500000', 'Mother_12093', 'Teacher', '929000022093', '300000', 'General', 'NA', '-', 'Previous School', 'Sports', './assets/img/stdImg/default.png'),
('12094', 'Student_3C_04', 8, 3, 'C', 'Male', '2016-06-04', 'Pondicherry', 'O+', '9000022094', 's3c4@school.test', 'Father_12094', 'Engineer', '919000022094', '500000', 'Mother_12094', 'Teacher', '929000022094', '300000', 'General', 'NA', '-', 'Previous School', 'Sports', './assets/img/stdImg/default.png'),
('12095', 'Student_3C_05', 8, 3, 'C', 'Male', '2016-06-05', 'Pondicherry', 'O+', '9000022095', 's3c5@school.test', 'Father_12095', 'Engineer', '919000022095', '500000', 'Mother_12095', 'Teacher', '929000022095', '300000', 'General', 'NA', '-', 'Previous School', 'Sports', './assets/img/stdImg/default.png'),
('12096', 'Student_3C_06', 8, 3, 'C', 'Male', '2016-06-06', 'Pondicherry', 'O+', '9000022096', 's3c6@school.test', 'Father_12096', 'Engineer', '919000022096', '500000', 'Mother_12096', 'Teacher', '929000022096', '300000', 'General', 'NA', '-', 'Previous School', 'Sports', './assets/img/stdImg/default.png'),
('12097', 'Student_3C_07', 8, 3, 'C', 'Male', '2016-06-07', 'Pondicherry', 'O+', '9000022097', 's3c7@school.test', 'Father_12097', 'Engineer', '919000022097', '500000', 'Mother_12097', 'Teacher', '929000022097', '300000', 'General', 'NA', '-', 'Previous School', 'Sports', './assets/img/stdImg/default.png'),
('12098', 'Student_3C_08', 8, 3, 'C', 'Male', '2016-06-08', 'Pondicherry', 'O+', '9000022098', 's3c8@school.test', 'Father_12098', 'Engineer', '919000022098', '500000', 'Mother_12098', 'Teacher', '929000022098', '300000', 'General', 'NA', '-', 'Previous School', 'Sports', './assets/img/stdImg/default.png'),
('12099', 'Student_3C_09', 8, 3, 'C', 'Male', '2016-06-09', 'Pondicherry', 'O+', '9000022099', 's3c9@school.test', 'Father_12099', 'Engineer', '919000022099', '500000', 'Mother_12099', 'Teacher', '929000022099', '300000', 'General', 'NA', '-', 'Previous School', 'Sports', './assets/img/stdImg/default.png'),
('12100', 'Student_3C_10', 8, 3, 'C', 'Male', '2016-06-10', 'Pondicherry', 'O+', '9000022100', 's3c10@school.test', 'Father_12100', 'Engineer', '919000022100', '500000', 'Mother_12100', 'Teacher', '929000022100', '300000', 'General', 'NA', '-', 'Previous School', 'Sports', './assets/img/stdImg/default.png'),
('12101', 'Student_3D_01', 8, 3, 'D', 'Male', '2016-06-01', 'Pondicherry', 'O+', '9000022101', 's3d1@school.test', 'Father_12101', 'Engineer', '919000022101', '500000', 'Mother_12101', 'Teacher', '929000022101', '300000', 'General', 'NA', '-', 'Previous School', 'Sports', './assets/img/stdImg/default.png'),
('12102', 'Student_3D_02', 8, 3, 'D', 'Male', '2016-06-02', 'Pondicherry', 'O+', '9000022102', 's3d2@school.test', 'Father_12102', 'Engineer', '919000022102', '500000', 'Mother_12102', 'Teacher', '929000022102', '300000', 'General', 'NA', '-', 'Previous School', 'Sports', './assets/img/stdImg/default.png'),
('12103', 'Student_3D_03', 8, 3, 'D', 'Male', '2016-06-03', 'Pondicherry', 'O+', '9000022103', 's3d3@school.test', 'Father_12103', 'Engineer', '919000022103', '500000', 'Mother_12103', 'Teacher', '929000022103', '300000', 'General', 'NA', '-', 'Previous School', 'Sports', './assets/img/stdImg/default.png'),
('12104', 'Student_3D_04', 8, 3, 'D', 'Male', '2016-06-04', 'Pondicherry', 'O+', '9000022104', 's3d4@school.test', 'Father_12104', 'Engineer', '919000022104', '500000', 'Mother_12104', 'Teacher', '929000022104', '300000', 'General', 'NA', '-', 'Previous School', 'Sports', './assets/img/stdImg/default.png'),
('12105', 'Student_3D_05', 8, 3, 'D', 'Male', '2016-06-05', 'Pondicherry', 'O+', '9000022105', 's3d5@school.test', 'Father_12105', 'Engineer', '919000022105', '500000', 'Mother_12105', 'Teacher', '929000022105', '300000', 'General', 'NA', '-', 'Previous School', 'Sports', './assets/img/stdImg/default.png'),
('12106', 'Student_3D_06', 8, 3, 'D', 'Male', '2016-06-06', 'Pondicherry', 'O+', '9000022106', 's3d6@school.test', 'Father_12106', 'Engineer', '919000022106', '500000', 'Mother_12106', 'Teacher', '929000022106', '300000', 'General', 'NA', '-', 'Previous School', 'Sports', './assets/img/stdImg/default.png'),
('12107', 'Student_3D_07', 8, 3, 'D', 'Male', '2016-06-07', 'Pondicherry', 'O+', '9000022107', 's3d7@school.test', 'Father_12107', 'Engineer', '919000022107', '500000', 'Mother_12107', 'Teacher', '929000022107', '300000', 'General', 'NA', '-', 'Previous School', 'Sports', './assets/img/stdImg/default.png'),
('12108', 'Student_3D_08', 8, 3, 'D', 'Male', '2016-06-08', 'Pondicherry', 'O+', '9000022108', 's3d8@school.test', 'Father_12108', 'Engineer', '919000022108', '500000', 'Mother_12108', 'Teacher', '929000022108', '300000', 'General', 'NA', '-', 'Previous School', 'Sports', './assets/img/stdImg/default.png'),
('12109', 'Student_3D_09', 8, 3, 'D', 'Male', '2016-06-09', 'Pondicherry', 'O+', '9000022109', 's3d9@school.test', 'Father_12109', 'Engineer', '919000022109', '500000', 'Mother_12109', 'Teacher', '929000022109', '300000', 'General', 'NA', '-', 'Previous School', 'Sports', './assets/img/stdImg/default.png'),
('12110', 'Student_3D_10', 8, 3, 'D', 'Male', '2016-06-10', 'Pondicherry', 'O+', '9000022110', 's3d10@school.test', 'Father_12110', 'Engineer', '919000022110', '500000', 'Mother_12110', 'Teacher', '929000022110', '300000', 'General', 'NA', '-', 'Previous School', 'Sports', './assets/img/stdImg/default.png'),
('12111', 'Student_4A_01', 9, 4, 'A', 'Male', '2015-06-01', 'Pondicherry', 'O+', '9000022111', 's4a1@school.test', 'Father_12111', 'Engineer', '919000022111', '500000', 'Mother_12111', 'Teacher', '929000022111', '300000', 'General', 'NA', '-', 'Previous School', 'Sports', './assets/img/stdImg/default.png'),
('12112', 'Student_4A_02', 9, 4, 'A', 'Male', '2015-06-02', 'Pondicherry', 'O+', '9000022112', 's4a2@school.test', 'Father_12112', 'Engineer', '919000022112', '500000', 'Mother_12112', 'Teacher', '929000022112', '300000', 'General', 'NA', '-', 'Previous School', 'Sports', './assets/img/stdImg/default.png'),
('12113', 'Student_4A_03', 9, 4, 'A', 'Male', '2015-06-03', 'Pondicherry', 'O+', '9000022113', 's4a3@school.test', 'Father_12113', 'Engineer', '919000022113', '500000', 'Mother_12113', 'Teacher', '929000022113', '300000', 'General', 'NA', '-', 'Previous School', 'Sports', './assets/img/stdImg/default.png'),
('12114', 'Student_4A_04', 9, 4, 'A', 'Male', '2015-06-04', 'Pondicherry', 'O+', '9000022114', 's4a4@school.test', 'Father_12114', 'Engineer', '919000022114', '500000', 'Mother_12114', 'Teacher', '929000022114', '300000', 'General', 'NA', '-', 'Previous School', 'Sports', './assets/img/stdImg/default.png'),
('12115', 'Student_4A_05', 9, 4, 'A', 'Male', '2015-06-05', 'Pondicherry', 'O+', '9000022115', 's4a5@school.test', 'Father_12115', 'Engineer', '919000022115', '500000', 'Mother_12115', 'Teacher', '929000022115', '300000', 'General', 'NA', '-', 'Previous School', 'Sports', './assets/img/stdImg/default.png'),
('12116', 'Student_4A_06', 9, 4, 'A', 'Male', '2015-06-06', 'Pondicherry', 'O+', '9000022116', 's4a6@school.test', 'Father_12116', 'Engineer', '919000022116', '500000', 'Mother_12116', 'Teacher', '929000022116', '300000', 'General', 'NA', '-', 'Previous School', 'Sports', './assets/img/stdImg/default.png'),
('12117', 'Student_4A_07', 9, 4, 'A', 'Male', '2015-06-07', 'Pondicherry', 'O+', '9000022117', 's4a7@school.test', 'Father_12117', 'Engineer', '919000022117', '500000', 'Mother_12117', 'Teacher', '929000022117', '300000', 'General', 'NA', '-', 'Previous School', 'Sports', './assets/img/stdImg/default.png'),
('12118', 'Student_4A_08', 9, 4, 'A', 'Male', '2015-06-08', 'Pondicherry', 'O+', '9000022118', 's4a8@school.test', 'Father_12118', 'Engineer', '919000022118', '500000', 'Mother_12118', 'Teacher', '929000022118', '300000', 'General', 'NA', '-', 'Previous School', 'Sports', './assets/img/stdImg/default.png'),
('12119', 'Student_4A_09', 9, 4, 'A', 'Male', '2015-06-09', 'Pondicherry', 'O+', '9000022119', 's4a9@school.test', 'Father_12119', 'Engineer', '919000022119', '500000', 'Mother_12119', 'Teacher', '929000022119', '300000', 'General', 'NA', '-', 'Previous School', 'Sports', './assets/img/stdImg/default.png'),
('12120', 'Student_4A_10', 9, 4, 'A', 'Male', '2015-06-10', 'Pondicherry', 'O+', '9000022120', 's4a10@school.test', 'Father_12120', 'Engineer', '919000022120', '500000', 'Mother_12120', 'Teacher', '929000022120', '300000', 'General', 'NA', '-', 'Previous School', 'Sports', './assets/img/stdImg/default.png'),
('12121', 'Student_4B_01', 9, 4, 'B', 'Male', '2015-06-01', 'Pondicherry', 'O+', '9000022121', 's4b1@school.test', 'Father_12121', 'Engineer', '919000022121', '500000', 'Mother_12121', 'Teacher', '929000022121', '300000', 'General', 'NA', '-', 'Previous School', 'Sports', './assets/img/stdImg/default.png'),
('12122', 'Student_4B_02', 9, 4, 'B', 'Male', '2015-06-02', 'Pondicherry', 'O+', '9000022122', 's4b2@school.test', 'Father_12122', 'Engineer', '919000022122', '500000', 'Mother_12122', 'Teacher', '929000022122', '300000', 'General', 'NA', '-', 'Previous School', 'Sports', './assets/img/stdImg/default.png'),
('12123', 'Student_4B_03', 9, 4, 'B', 'Male', '2015-06-03', 'Pondicherry', 'O+', '9000022123', 's4b3@school.test', 'Father_12123', 'Engineer', '919000022123', '500000', 'Mother_12123', 'Teacher', '929000022123', '300000', 'General', 'NA', '-', 'Previous School', 'Sports', './assets/img/stdImg/default.png'),
('12124', 'Student_4B_04', 9, 4, 'B', 'Male', '2015-06-04', 'Pondicherry', 'O+', '9000022124', 's4b4@school.test', 'Father_12124', 'Engineer', '919000022124', '500000', 'Mother_12124', 'Teacher', '929000022124', '300000', 'General', 'NA', '-', 'Previous School', 'Sports', './assets/img/stdImg/default.png'),
('12125', 'Student_4B_05', 9, 4, 'B', 'Male', '2015-06-05', 'Pondicherry', 'O+', '9000022125', 's4b5@school.test', 'Father_12125', 'Engineer', '919000022125', '500000', 'Mother_12125', 'Teacher', '929000022125', '300000', 'General', 'NA', '-', 'Previous School', 'Sports', './assets/img/stdImg/default.png'),
('12126', 'Student_4B_06', 9, 4, 'B', 'Male', '2015-06-06', 'Pondicherry', 'O+', '9000022126', 's4b6@school.test', 'Father_12126', 'Engineer', '919000022126', '500000', 'Mother_12126', 'Teacher', '929000022126', '300000', 'General', 'NA', '-', 'Previous School', 'Sports', './assets/img/stdImg/default.png'),
('12127', 'Student_4B_07', 9, 4, 'B', 'Male', '2015-06-07', 'Pondicherry', 'O+', '9000022127', 's4b7@school.test', 'Father_12127', 'Engineer', '919000022127', '500000', 'Mother_12127', 'Teacher', '929000022127', '300000', 'General', 'NA', '-', 'Previous School', 'Sports', './assets/img/stdImg/default.png'),
('12128', 'Student_4B_08', 9, 4, 'B', 'Male', '2015-06-08', 'Pondicherry', 'O+', '9000022128', 's4b8@school.test', 'Father_12128', 'Engineer', '919000022128', '500000', 'Mother_12128', 'Teacher', '929000022128', '300000', 'General', 'NA', '-', 'Previous School', 'Sports', './assets/img/stdImg/default.png'),
('12129', 'Student_4B_09', 9, 4, 'B', 'Male', '2015-06-09', 'Pondicherry', 'O+', '9000022129', 's4b9@school.test', 'Father_12129', 'Engineer', '919000022129', '500000', 'Mother_12129', 'Teacher', '929000022129', '300000', 'General', 'NA', '-', 'Previous School', 'Sports', './assets/img/stdImg/default.png'),
('12130', 'Student_4B_10', 9, 4, 'B', 'Male', '2015-06-10', 'Pondicherry', 'O+', '9000022130', 's4b10@school.test', 'Father_12130', 'Engineer', '919000022130', '500000', 'Mother_12130', 'Teacher', '929000022130', '300000', 'General', 'NA', '-', 'Previous School', 'Sports', './assets/img/stdImg/default.png'),
('12131', 'Student_4C_01', 9, 4, 'C', 'Male', '2015-06-01', 'Pondicherry', 'O+', '9000022131', 's4c1@school.test', 'Father_12131', 'Engineer', '919000022131', '500000', 'Mother_12131', 'Teacher', '929000022131', '300000', 'General', 'NA', '-', 'Previous School', 'Sports', './assets/img/stdImg/default.png'),
('12132', 'Student_4C_02', 9, 4, 'C', 'Male', '2015-06-02', 'Pondicherry', 'O+', '9000022132', 's4c2@school.test', 'Father_12132', 'Engineer', '919000022132', '500000', 'Mother_12132', 'Teacher', '929000022132', '300000', 'General', 'NA', '-', 'Previous School', 'Sports', './assets/img/stdImg/default.png'),
('12133', 'Student_4C_03', 9, 4, 'C', 'Male', '2015-06-03', 'Pondicherry', 'O+', '9000022133', 's4c3@school.test', 'Father_12133', 'Engineer', '919000022133', '500000', 'Mother_12133', 'Teacher', '929000022133', '300000', 'General', 'NA', '-', 'Previous School', 'Sports', './assets/img/stdImg/default.png'),
('12134', 'Student_4C_04', 9, 4, 'C', 'Male', '2015-06-04', 'Pondicherry', 'O+', '9000022134', 's4c4@school.test', 'Father_12134', 'Engineer', '919000022134', '500000', 'Mother_12134', 'Teacher', '929000022134', '300000', 'General', 'NA', '-', 'Previous School', 'Sports', './assets/img/stdImg/default.png'),
('12135', 'Student_4C_05', 9, 4, 'C', 'Male', '2015-06-05', 'Pondicherry', 'O+', '9000022135', 's4c5@school.test', 'Father_12135', 'Engineer', '919000022135', '500000', 'Mother_12135', 'Teacher', '929000022135', '300000', 'General', 'NA', '-', 'Previous School', 'Sports', './assets/img/stdImg/default.png'),
('12136', 'Student_4C_06', 9, 4, 'C', 'Male', '2015-06-06', 'Pondicherry', 'O+', '9000022136', 's4c6@school.test', 'Father_12136', 'Engineer', '919000022136', '500000', 'Mother_12136', 'Teacher', '929000022136', '300000', 'General', 'NA', '-', 'Previous School', 'Sports', './assets/img/stdImg/default.png'),
('12137', 'Student_4C_07', 9, 4, 'C', 'Male', '2015-06-07', 'Pondicherry', 'O+', '9000022137', 's4c7@school.test', 'Father_12137', 'Engineer', '919000022137', '500000', 'Mother_12137', 'Teacher', '929000022137', '300000', 'General', 'NA', '-', 'Previous School', 'Sports', './assets/img/stdImg/default.png'),
('12138', 'Student_4C_08', 9, 4, 'C', 'Male', '2015-06-08', 'Pondicherry', 'O+', '9000022138', 's4c8@school.test', 'Father_12138', 'Engineer', '919000022138', '500000', 'Mother_12138', 'Teacher', '929000022138', '300000', 'General', 'NA', '-', 'Previous School', 'Sports', './assets/img/stdImg/default.png'),
('12139', 'Student_4C_09', 9, 4, 'C', 'Male', '2015-06-09', 'Pondicherry', 'O+', '9000022139', 's4c9@school.test', 'Father_12139', 'Engineer', '919000022139', '500000', 'Mother_12139', 'Teacher', '929000022139', '300000', 'General', 'NA', '-', 'Previous School', 'Sports', './assets/img/stdImg/default.png'),
('12140', 'Student_4C_10', 9, 4, 'C', 'Male', '2015-06-10', 'Pondicherry', 'O+', '9000022140', 's4c10@school.test', 'Father_12140', 'Engineer', '919000022140', '500000', 'Mother_12140', 'Teacher', '929000022140', '300000', 'General', 'NA', '-', 'Previous School', 'Sports', './assets/img/stdImg/default.png'),
('12141', 'Student_4D_01', 9, 4, 'D', 'Male', '2015-06-01', 'Pondicherry', 'O+', '9000022141', 's4d1@school.test', 'Father_12141', 'Engineer', '919000022141', '500000', 'Mother_12141', 'Teacher', '929000022141', '300000', 'General', 'NA', '-', 'Previous School', 'Sports', './assets/img/stdImg/default.png'),
('12142', 'Student_4D_02', 9, 4, 'D', 'Male', '2015-06-02', 'Pondicherry', 'O+', '9000022142', 's4d2@school.test', 'Father_12142', 'Engineer', '919000022142', '500000', 'Mother_12142', 'Teacher', '929000022142', '300000', 'General', 'NA', '-', 'Previous School', 'Sports', './assets/img/stdImg/default.png'),
('12143', 'Student_4D_03', 9, 4, 'D', 'Male', '2015-06-03', 'Pondicherry', 'O+', '9000022143', 's4d3@school.test', 'Father_12143', 'Engineer', '919000022143', '500000', 'Mother_12143', 'Teacher', '929000022143', '300000', 'General', 'NA', '-', 'Previous School', 'Sports', './assets/img/stdImg/default.png'),
('12144', 'Student_4D_04', 9, 4, 'D', 'Male', '2015-06-04', 'Pondicherry', 'O+', '9000022144', 's4d4@school.test', 'Father_12144', 'Engineer', '919000022144', '500000', 'Mother_12144', 'Teacher', '929000022144', '300000', 'General', 'NA', '-', 'Previous School', 'Sports', './assets/img/stdImg/default.png'),
('12145', 'Student_4D_05', 9, 4, 'D', 'Male', '2015-06-05', 'Pondicherry', 'O+', '9000022145', 's4d5@school.test', 'Father_12145', 'Engineer', '919000022145', '500000', 'Mother_12145', 'Teacher', '929000022145', '300000', 'General', 'NA', '-', 'Previous School', 'Sports', './assets/img/stdImg/default.png'),
('12146', 'Student_4D_06', 9, 4, 'D', 'Male', '2015-06-06', 'Pondicherry', 'O+', '9000022146', 's4d6@school.test', 'Father_12146', 'Engineer', '919000022146', '500000', 'Mother_12146', 'Teacher', '929000022146', '300000', 'General', 'NA', '-', 'Previous School', 'Sports', './assets/img/stdImg/default.png'),
('12147', 'Student_4D_07', 9, 4, 'D', 'Male', '2015-06-07', 'Pondicherry', 'O+', '9000022147', 's4d7@school.test', 'Father_12147', 'Engineer', '919000022147', '500000', 'Mother_12147', 'Teacher', '929000022147', '300000', 'General', 'NA', '-', 'Previous School', 'Sports', './assets/img/stdImg/default.png'),
('12148', 'Student_4D_08', 9, 4, 'D', 'Male', '2015-06-08', 'Pondicherry', 'O+', '9000022148', 's4d8@school.test', 'Father_12148', 'Engineer', '919000022148', '500000', 'Mother_12148', 'Teacher', '929000022148', '300000', 'General', 'NA', '-', 'Previous School', 'Sports', './assets/img/stdImg/default.png'),
('12149', 'Student_4D_09', 9, 4, 'D', 'Male', '2015-06-09', 'Pondicherry', 'O+', '9000022149', 's4d9@school.test', 'Father_12149', 'Engineer', '919000022149', '500000', 'Mother_12149', 'Teacher', '929000022149', '300000', 'General', 'NA', '-', 'Previous School', 'Sports', './assets/img/stdImg/default.png'),
('12150', 'Student_4D_10', 9, 4, 'D', 'Male', '2015-06-10', 'Pondicherry', 'O+', '9000022150', 's4d10@school.test', 'Father_12150', 'Engineer', '919000022150', '500000', 'Mother_12150', 'Teacher', '929000022150', '300000', 'General', 'NA', '-', 'Previous School', 'Sports', './assets/img/stdImg/default.png'),
('12151', 'Student_5A_01', 10, 5, 'A', 'Male', '2014-06-01', 'Pondicherry', 'O+', '9000022151', 's5a1@school.test', 'Father_12151', 'Engineer', '919000022151', '500000', 'Mother_12151', 'Teacher', '929000022151', '300000', 'General', 'NA', '-', 'Previous School', 'Sports', './assets/img/stdImg/default.png'),
('12152', 'Student_5A_02', 10, 5, 'A', 'Male', '2014-06-02', 'Pondicherry', 'O+', '9000022152', 's5a2@school.test', 'Father_12152', 'Engineer', '919000022152', '500000', 'Mother_12152', 'Teacher', '929000022152', '300000', 'General', 'NA', '-', 'Previous School', 'Sports', './assets/img/stdImg/default.png');
INSERT INTO `student_info` (`id`, `name`, `age`, `standard`, `section`, `gender`, `dateOfBirth`, `address`, `bloodGroup`, `phone`, `emailID`, `fatherName`, `fatherOccupation`, `fatherPhone`, `fatherAnnualIncome`, `motherName`, `motherOccupation`, `motherPhone`, `motherAnnualIncome`, `community`, `identificationMark`, `comments`, `previousEducation`, `coCurricularActivity`, `locOfProfilePic`) VALUES
('12153', 'Student_5A_03', 10, 5, 'A', 'Male', '2014-06-03', 'Pondicherry', 'O+', '9000022153', 's5a3@school.test', 'Father_12153', 'Engineer', '919000022153', '500000', 'Mother_12153', 'Teacher', '929000022153', '300000', 'General', 'NA', '-', 'Previous School', 'Sports', './assets/img/stdImg/default.png'),
('12154', 'Student_5A_04', 10, 5, 'A', 'Male', '2014-06-04', 'Pondicherry', 'O+', '9000022154', 's5a4@school.test', 'Father_12154', 'Engineer', '919000022154', '500000', 'Mother_12154', 'Teacher', '929000022154', '300000', 'General', 'NA', '-', 'Previous School', 'Sports', './assets/img/stdImg/default.png'),
('12155', 'Student_5A_05', 10, 5, 'A', 'Male', '2014-06-05', 'Pondicherry', 'O+', '9000022155', 's5a5@school.test', 'Father_12155', 'Engineer', '919000022155', '500000', 'Mother_12155', 'Teacher', '929000022155', '300000', 'General', 'NA', '-', 'Previous School', 'Sports', './assets/img/stdImg/default.png'),
('12156', 'Student_5A_06', 10, 5, 'A', 'Male', '2014-06-06', 'Pondicherry', 'O+', '9000022156', 's5a6@school.test', 'Father_12156', 'Engineer', '919000022156', '500000', 'Mother_12156', 'Teacher', '929000022156', '300000', 'General', 'NA', '-', 'Previous School', 'Sports', './assets/img/stdImg/default.png'),
('12157', 'Student_5A_07', 10, 5, 'A', 'Male', '2014-06-07', 'Pondicherry', 'O+', '9000022157', 's5a7@school.test', 'Father_12157', 'Engineer', '919000022157', '500000', 'Mother_12157', 'Teacher', '929000022157', '300000', 'General', 'NA', '-', 'Previous School', 'Sports', './assets/img/stdImg/default.png'),
('12158', 'Student_5A_08', 10, 5, 'A', 'Male', '2014-06-08', 'Pondicherry', 'O+', '9000022158', 's5a8@school.test', 'Father_12158', 'Engineer', '919000022158', '500000', 'Mother_12158', 'Teacher', '929000022158', '300000', 'General', 'NA', '-', 'Previous School', 'Sports', './assets/img/stdImg/default.png'),
('12159', 'Student_5A_09', 10, 5, 'A', 'Male', '2014-06-09', 'Pondicherry', 'O+', '9000022159', 's5a9@school.test', 'Father_12159', 'Engineer', '919000022159', '500000', 'Mother_12159', 'Teacher', '929000022159', '300000', 'General', 'NA', '-', 'Previous School', 'Sports', './assets/img/stdImg/default.png'),
('12160', 'Student_5A_10', 10, 5, 'A', 'Male', '2014-06-10', 'Pondicherry', 'O+', '9000022160', 's5a10@school.test', 'Father_12160', 'Engineer', '919000022160', '500000', 'Mother_12160', 'Teacher', '929000022160', '300000', 'General', 'NA', '-', 'Previous School', 'Sports', './assets/img/stdImg/default.png'),
('12161', 'Student_5B_01', 10, 5, 'B', 'Male', '2014-06-01', 'Pondicherry', 'O+', '9000022161', 's5b1@school.test', 'Father_12161', 'Engineer', '919000022161', '500000', 'Mother_12161', 'Teacher', '929000022161', '300000', 'General', 'NA', '-', 'Previous School', 'Sports', './assets/img/stdImg/default.png'),
('12162', 'Student_5B_02', 10, 5, 'B', 'Male', '2014-06-02', 'Pondicherry', 'O+', '9000022162', 's5b2@school.test', 'Father_12162', 'Engineer', '919000022162', '500000', 'Mother_12162', 'Teacher', '929000022162', '300000', 'General', 'NA', '-', 'Previous School', 'Sports', './assets/img/stdImg/default.png'),
('12163', 'Student_5B_03', 10, 5, 'B', 'Male', '2014-06-03', 'Pondicherry', 'O+', '9000022163', 's5b3@school.test', 'Father_12163', 'Engineer', '919000022163', '500000', 'Mother_12163', 'Teacher', '929000022163', '300000', 'General', 'NA', '-', 'Previous School', 'Sports', './assets/img/stdImg/default.png'),
('12164', 'Student_5B_04', 10, 5, 'B', 'Male', '2014-06-04', 'Pondicherry', 'O+', '9000022164', 's5b4@school.test', 'Father_12164', 'Engineer', '919000022164', '500000', 'Mother_12164', 'Teacher', '929000022164', '300000', 'General', 'NA', '-', 'Previous School', 'Sports', './assets/img/stdImg/default.png'),
('12165', 'Student_5B_05', 10, 5, 'B', 'Male', '2014-06-05', 'Pondicherry', 'O+', '9000022165', 's5b5@school.test', 'Father_12165', 'Engineer', '919000022165', '500000', 'Mother_12165', 'Teacher', '929000022165', '300000', 'General', 'NA', '-', 'Previous School', 'Sports', './assets/img/stdImg/default.png'),
('12166', 'Student_5B_06', 10, 5, 'B', 'Male', '2014-06-06', 'Pondicherry', 'O+', '9000022166', 's5b6@school.test', 'Father_12166', 'Engineer', '919000022166', '500000', 'Mother_12166', 'Teacher', '929000022166', '300000', 'General', 'NA', '-', 'Previous School', 'Sports', './assets/img/stdImg/default.png'),
('12167', 'Student_5B_07', 10, 5, 'B', 'Male', '2014-06-07', 'Pondicherry', 'O+', '9000022167', 's5b7@school.test', 'Father_12167', 'Engineer', '919000022167', '500000', 'Mother_12167', 'Teacher', '929000022167', '300000', 'General', 'NA', '-', 'Previous School', 'Sports', './assets/img/stdImg/default.png'),
('12168', 'Student_5B_08', 10, 5, 'B', 'Male', '2014-06-08', 'Pondicherry', 'O+', '9000022168', 's5b8@school.test', 'Father_12168', 'Engineer', '919000022168', '500000', 'Mother_12168', 'Teacher', '929000022168', '300000', 'General', 'NA', '-', 'Previous School', 'Sports', './assets/img/stdImg/default.png'),
('12169', 'Student_5B_09', 10, 5, 'B', 'Male', '2014-06-09', 'Pondicherry', 'O+', '9000022169', 's5b9@school.test', 'Father_12169', 'Engineer', '919000022169', '500000', 'Mother_12169', 'Teacher', '929000022169', '300000', 'General', 'NA', '-', 'Previous School', 'Sports', './assets/img/stdImg/default.png'),
('12170', 'Student_5B_10', 10, 5, 'B', 'Male', '2014-06-10', 'Pondicherry', 'O+', '9000022170', 's5b10@school.test', 'Father_12170', 'Engineer', '919000022170', '500000', 'Mother_12170', 'Teacher', '929000022170', '300000', 'General', 'NA', '-', 'Previous School', 'Sports', './assets/img/stdImg/default.png'),
('12171', 'Student_5C_01', 10, 5, 'C', 'Male', '2014-06-01', 'Pondicherry', 'O+', '9000022171', 's5c1@school.test', 'Father_12171', 'Engineer', '919000022171', '500000', 'Mother_12171', 'Teacher', '929000022171', '300000', 'General', 'NA', '-', 'Previous School', 'Sports', './assets/img/stdImg/default.png'),
('12172', 'Student_5C_02', 10, 5, 'C', 'Male', '2014-06-02', 'Pondicherry', 'O+', '9000022172', 's5c2@school.test', 'Father_12172', 'Engineer', '919000022172', '500000', 'Mother_12172', 'Teacher', '929000022172', '300000', 'General', 'NA', '-', 'Previous School', 'Sports', './assets/img/stdImg/default.png'),
('12173', 'Student_5C_03', 10, 5, 'C', 'Male', '2014-06-03', 'Pondicherry', 'O+', '9000022173', 's5c3@school.test', 'Father_12173', 'Engineer', '919000022173', '500000', 'Mother_12173', 'Teacher', '929000022173', '300000', 'General', 'NA', '-', 'Previous School', 'Sports', './assets/img/stdImg/default.png'),
('12174', 'Student_5C_04', 10, 5, 'C', 'Male', '2014-06-04', 'Pondicherry', 'O+', '9000022174', 's5c4@school.test', 'Father_12174', 'Engineer', '919000022174', '500000', 'Mother_12174', 'Teacher', '929000022174', '300000', 'General', 'NA', '-', 'Previous School', 'Sports', './assets/img/stdImg/default.png'),
('12175', 'Student_5C_05', 10, 5, 'C', 'Male', '2014-06-05', 'Pondicherry', 'O+', '9000022175', 's5c5@school.test', 'Father_12175', 'Engineer', '919000022175', '500000', 'Mother_12175', 'Teacher', '929000022175', '300000', 'General', 'NA', '-', 'Previous School', 'Sports', './assets/img/stdImg/default.png'),
('12176', 'Student_5C_06', 10, 5, 'C', 'Male', '2014-06-06', 'Pondicherry', 'O+', '9000022176', 's5c6@school.test', 'Father_12176', 'Engineer', '919000022176', '500000', 'Mother_12176', 'Teacher', '929000022176', '300000', 'General', 'NA', '-', 'Previous School', 'Sports', './assets/img/stdImg/default.png'),
('12177', 'Student_5C_07', 10, 5, 'C', 'Male', '2014-06-07', 'Pondicherry', 'O+', '9000022177', 's5c7@school.test', 'Father_12177', 'Engineer', '919000022177', '500000', 'Mother_12177', 'Teacher', '929000022177', '300000', 'General', 'NA', '-', 'Previous School', 'Sports', './assets/img/stdImg/default.png'),
('12178', 'Student_5C_08', 10, 5, 'C', 'Male', '2014-06-08', 'Pondicherry', 'O+', '9000022178', 's5c8@school.test', 'Father_12178', 'Engineer', '919000022178', '500000', 'Mother_12178', 'Teacher', '929000022178', '300000', 'General', 'NA', '-', 'Previous School', 'Sports', './assets/img/stdImg/default.png'),
('12179', 'Student_5C_09', 10, 5, 'C', 'Male', '2014-06-09', 'Pondicherry', 'O+', '9000022179', 's5c9@school.test', 'Father_12179', 'Engineer', '919000022179', '500000', 'Mother_12179', 'Teacher', '929000022179', '300000', 'General', 'NA', '-', 'Previous School', 'Sports', './assets/img/stdImg/default.png'),
('12180', 'Student_5C_10', 10, 5, 'C', 'Male', '2014-06-10', 'Pondicherry', 'O+', '9000022180', 's5c10@school.test', 'Father_12180', 'Engineer', '919000022180', '500000', 'Mother_12180', 'Teacher', '929000022180', '300000', 'General', 'NA', '-', 'Previous School', 'Sports', './assets/img/stdImg/default.png'),
('12181', 'Student_5D_01', 10, 5, 'D', 'Male', '2014-06-01', 'Pondicherry', 'O+', '9000022181', 's5d1@school.test', 'Father_12181', 'Engineer', '919000022181', '500000', 'Mother_12181', 'Teacher', '929000022181', '300000', 'General', 'NA', '-', 'Previous School', 'Sports', './assets/img/stdImg/default.png'),
('12182', 'Student_5D_02', 10, 5, 'D', 'Male', '2014-06-02', 'Pondicherry', 'O+', '9000022182', 's5d2@school.test', 'Father_12182', 'Engineer', '919000022182', '500000', 'Mother_12182', 'Teacher', '929000022182', '300000', 'General', 'NA', '-', 'Previous School', 'Sports', './assets/img/stdImg/default.png'),
('12183', 'Student_5D_03', 10, 5, 'D', 'Male', '2014-06-03', 'Pondicherry', 'O+', '9000022183', 's5d3@school.test', 'Father_12183', 'Engineer', '919000022183', '500000', 'Mother_12183', 'Teacher', '929000022183', '300000', 'General', 'NA', '-', 'Previous School', 'Sports', './assets/img/stdImg/default.png'),
('12184', 'Student_5D_04', 10, 5, 'D', 'Male', '2014-06-04', 'Pondicherry', 'O+', '9000022184', 's5d4@school.test', 'Father_12184', 'Engineer', '919000022184', '500000', 'Mother_12184', 'Teacher', '929000022184', '300000', 'General', 'NA', '-', 'Previous School', 'Sports', './assets/img/stdImg/default.png'),
('12185', 'Student_5D_05', 10, 5, 'D', 'Male', '2014-06-05', 'Pondicherry', 'O+', '9000022185', 's5d5@school.test', 'Father_12185', 'Engineer', '919000022185', '500000', 'Mother_12185', 'Teacher', '929000022185', '300000', 'General', 'NA', '-', 'Previous School', 'Sports', './assets/img/stdImg/default.png'),
('12186', 'Student_5D_06', 10, 5, 'D', 'Male', '2014-06-06', 'Pondicherry', 'O+', '9000022186', 's5d6@school.test', 'Father_12186', 'Engineer', '919000022186', '500000', 'Mother_12186', 'Teacher', '929000022186', '300000', 'General', 'NA', '-', 'Previous School', 'Sports', './assets/img/stdImg/default.png'),
('12187', 'Student_5D_07', 10, 5, 'D', 'Male', '2014-06-07', 'Pondicherry', 'O+', '9000022187', 's5d7@school.test', 'Father_12187', 'Engineer', '919000022187', '500000', 'Mother_12187', 'Teacher', '929000022187', '300000', 'General', 'NA', '-', 'Previous School', 'Sports', './assets/img/stdImg/default.png'),
('12188', 'Student_5D_08', 10, 5, 'D', 'Male', '2014-06-08', 'Pondicherry', 'O+', '9000022188', 's5d8@school.test', 'Father_12188', 'Engineer', '919000022188', '500000', 'Mother_12188', 'Teacher', '929000022188', '300000', 'General', 'NA', '-', 'Previous School', 'Sports', './assets/img/stdImg/default.png'),
('12189', 'Student_5D_09', 10, 5, 'D', 'Male', '2014-06-09', 'Pondicherry', 'O+', '9000022189', 's5d9@school.test', 'Father_12189', 'Engineer', '919000022189', '500000', 'Mother_12189', 'Teacher', '929000022189', '300000', 'General', 'NA', '-', 'Previous School', 'Sports', './assets/img/stdImg/default.png'),
('12190', 'Student_5D_10', 10, 5, 'D', 'Male', '2014-06-10', 'Pondicherry', 'O+', '9000022190', 's5d10@school.test', 'Father_12190', 'Engineer', '919000022190', '500000', 'Mother_12190', 'Teacher', '929000022190', '300000', 'General', 'NA', '-', 'Previous School', 'Sports', './assets/img/stdImg/default.png'),
('2017115611', 'Viswaprasad', 5, 1, 'A', 'Male', '2000-06-29', 'Pondicherry', 'B+', '9489324639', 'meetprasadviswa@gmail.com', 'Elumalai', 'Advocate', '9489324639', '100000', 'Bhuvaneswari', 'Assistant Agricultur', '9500215554', '600000', 'General', 'Mole on chin', '-', 'St. Antony\'s School', 'None', './assets/img/stdImg/default.png');

-- --------------------------------------------------------

--
-- Table structure for table `subjects`
--

CREATE TABLE `subjects` (
  `id` int(11) NOT NULL,
  `subject_name` varchar(50) NOT NULL
) ENGINE=InnoDB DEFAULT CHARSET=utf8mb4 COLLATE=utf8mb4_general_ci;

--
-- Dumping data for table `subjects`
--

INSERT INTO `subjects` (`id`, `subject_name`) VALUES
(1, 'English'),
(2, 'Mathematics'),
(3, 'Science'),
(4, 'Social Science'),
(5, 'Tamil'),
(6, 'Hindi'),
(7, 'Computer Science'),
(8, 'Environmental Studies');

-- --------------------------------------------------------

--
-- Table structure for table `teacher_info`
--

CREATE TABLE `teacher_info` (
  `teacher_id` varchar(20) NOT NULL,
  `first_name` varchar(50) DEFAULT NULL,
  `last_name` varchar(50) DEFAULT NULL,
  `gender` varchar(10) DEFAULT NULL,
  `date_of_birth` date DEFAULT NULL,
  `blood_group` varchar(5) DEFAULT NULL,
  `marital_status` varchar(10) DEFAULT NULL,
  `nationality` varchar(30) DEFAULT NULL,
  `phone` varchar(20) DEFAULT NULL,
  `alt_phone` varchar(20) DEFAULT NULL,
  `email` varchar(70) DEFAULT NULL,
  `address` varchar(200) DEFAULT NULL,
  `city` varchar(50) DEFAULT NULL,
  `state` varchar(50) DEFAULT NULL,
  `country` varchar(50) DEFAULT NULL,
  `postal_code` varchar(10) DEFAULT NULL,
  `date_of_joining` date DEFAULT NULL,
  `date_of_leaving` date DEFAULT NULL,
  `employment_status` varchar(20) DEFAULT 'Active',
  `job_title` varchar(50) DEFAULT NULL,
  `employee_type` varchar(20) DEFAULT NULL,
  `workload_hours` int(11) DEFAULT NULL,
  `reporting_to` varchar(20) DEFAULT NULL,
  `highest_qualification` varchar(100) DEFAULT NULL,
  `graduation_year` year(4) DEFAULT NULL,
  `university_name` varchar(100) DEFAULT NULL,
  `specialization` varchar(100) DEFAULT NULL,
  `certification` varchar(200) DEFAULT NULL,
  `photo_path` varchar(200) DEFAULT NULL,
  `resume_path` varchar(200) DEFAULT NULL,
  `id_proof_path` varchar(200) DEFAULT NULL,
  `basic_salary` decimal(10,2) DEFAULT NULL,
  `hra` decimal(10,2) DEFAULT NULL,
  `allowance_misc` decimal(10,2) DEFAULT NULL,
  `bank_account_number` varchar(30) DEFAULT NULL,
  `ifsc_code` varchar(20) DEFAULT NULL,
  `pan_number` varchar(20) DEFAULT NULL,
  `esi_number` varchar(20) DEFAULT NULL,
  `pf_number` varchar(20) DEFAULT NULL,
  `login_id` varchar(20) DEFAULT NULL,
  `created_at` timestamp NOT NULL DEFAULT current_timestamp(),
  `updated_at` timestamp NOT NULL DEFAULT current_timestamp() ON UPDATE current_timestamp()
) ENGINE=InnoDB DEFAULT CHARSET=utf8mb4 COLLATE=utf8mb4_general_ci;

--
-- Dumping data for table `teacher_info`
--

INSERT INTO `teacher_info` (`teacher_id`, `first_name`, `last_name`, `gender`, `date_of_birth`, `blood_group`, `marital_status`, `nationality`, `phone`, `alt_phone`, `email`, `address`, `city`, `state`, `country`, `postal_code`, `date_of_joining`, `date_of_leaving`, `employment_status`, `job_title`, `employee_type`, `workload_hours`, `reporting_to`, `highest_qualification`, `graduation_year`, `university_name`, `specialization`, `certification`, `photo_path`, `resume_path`, `id_proof_path`, `basic_salary`, `hra`, `allowance_misc`, `bank_account_number`, `ifsc_code`, `pan_number`, `esi_number`, `pf_number`, `login_id`, `created_at`, `updated_at`) VALUES
('2017115610', 'Zamp', 'Johnson', 'Male', '1985-06-20', NULL, NULL, NULL, '9876500010', NULL, 'zamp@school.com', 'Pondicherry', NULL, NULL, NULL, NULL, '2015-06-10', NULL, 'Active', 'Senior Teacher', 'Full-Time', NULL, NULL, 'M.Sc, B.Ed', NULL, NULL, 'English', NULL, NULL, NULL, NULL, 52000.00, 12000.00, 5000.00, NULL, NULL, NULL, NULL, NULL, '2017115610', '2025-12-27 17:15:16', '2025-12-27 17:15:16'),
('T001', 'Teacher', 'One', 'Female', '1990-03-11', NULL, NULL, NULL, '9876500001', NULL, 'teacher1@school.com', 'Pondicherry', NULL, NULL, NULL, NULL, '2019-06-10', NULL, 'Active', 'Math Teacher', 'Full-Time', NULL, NULL, 'B.Sc, B.Ed', NULL, NULL, 'Maths', NULL, NULL, NULL, NULL, 38000.00, 8000.00, 3000.00, NULL, NULL, NULL, NULL, NULL, 'T001', '2025-12-27 17:15:16', '2025-12-27 17:15:16');

-- --------------------------------------------------------

--
-- Table structure for table `teacher_subject_allocation`
--

CREATE TABLE `teacher_subject_allocation` (
  `id` int(11) NOT NULL,
  `teacher_id` varchar(20) DEFAULT NULL,
  `subject_name` varchar(50) DEFAULT NULL,
  `standard` int(11) DEFAULT NULL,
  `section` varchar(2) DEFAULT NULL
) ENGINE=InnoDB DEFAULT CHARSET=utf8mb4 COLLATE=utf8mb4_general_ci;

--
-- Dumping data for table `teacher_subject_allocation`
--

INSERT INTO `teacher_subject_allocation` (`id`, `teacher_id`, `subject_name`, `standard`, `section`) VALUES
(1, 'T001', 'English', 1, 'A'),
(2, 'T002', 'Maths', 1, 'A'),
(3, 'T003', 'Science', 1, 'A'),
(4, 'T004', 'Social', 1, 'A'),
(5, 'T005', 'Tamil', 1, 'A'),
(6, '2017115610', 'English', 1, 'A'),
(7, '2017115610', 'English', 1, 'B'),
(8, '2017115610', 'English', 2, 'A'),
(9, '2017115610', 'English', 2, 'B'),
(10, '2017115610', 'English', 3, 'A'),
(11, '2017115610', 'English', 3, 'B'),
(12, '2017115610', 'Mathematics', 1, 'A'),
(13, '2017115610', 'Mathematics', 1, 'B'),
(14, '2017115610', 'Mathematics', 2, 'A'),
(15, '2017115610', 'Mathematics', 2, 'B'),
(16, '2017115610', 'Mathematics', 3, 'A'),
(17, '2017115610', 'Mathematics', 3, 'B'),
(18, '2017115610', 'Science', 1, 'A'),
(19, '2017115610', 'Science', 1, 'B'),
(20, '2017115610', 'Science', 2, 'A'),
(21, '2017115610', 'Science', 2, 'B'),
(22, '2017115610', 'Science', 3, 'A'),
(23, '2017115610', 'Science', 3, 'B'),
(24, '2017115610', 'Social Science', 1, 'A'),
(25, '2017115610', 'Social Science', 1, 'B'),
(26, '2017115610', 'Social Science', 2, 'A'),
(27, '2017115610', 'Social Science', 2, 'B'),
(28, '2017115610', 'Social Science', 3, 'A'),
(29, '2017115610', 'Social Science', 3, 'B'),
(30, '2017115610', 'Tamil', 1, 'A'),
(31, '2017115610', 'Tamil', 1, 'B'),
(32, '2017115610', 'Tamil', 2, 'A'),
(33, '2017115610', 'Tamil', 2, 'B'),
(34, '2017115610', 'Tamil', 3, 'A'),
(35, '2017115610', 'Tamil', 3, 'B'),
(36, '2017115610', 'Hindi', 1, 'A'),
(37, '2017115610', 'Hindi', 1, 'B'),
(38, '2017115610', 'Hindi', 2, 'A'),
(39, '2017115610', 'Hindi', 2, 'B'),
(40, '2017115610', 'Hindi', 3, 'A'),
(41, '2017115610', 'Hindi', 3, 'B'),
(42, '2017115610', 'Computer Science', 1, 'A'),
(43, '2017115610', 'Computer Science', 1, 'B'),
(44, '2017115610', 'Computer Science', 2, 'A'),
(45, '2017115610', 'Computer Science', 2, 'B'),
(46, '2017115610', 'Computer Science', 3, 'A'),
(47, '2017115610', 'Computer Science', 3, 'B'),
(48, '2017115610', 'Environmental Studies', 1, 'A'),
(49, '2017115610', 'Environmental Studies', 1, 'B'),
(50, '2017115610', 'Environmental Studies', 2, 'A'),
(51, '2017115610', 'Environmental Studies', 2, 'B'),
(52, '2017115610', 'Environmental Studies', 3, 'A'),
(53, '2017115610', 'Environmental Studies', 3, 'B');

-- --------------------------------------------------------

--
-- Table structure for table `user_login`
--

CREATE TABLE `user_login` (
  `id` varchar(20) NOT NULL,
  `name` varchar(50) NOT NULL,
  `password` varchar(100) NOT NULL,
  `access` tinyint(1) NOT NULL
) ENGINE=InnoDB DEFAULT CHARSET=utf8mb4 COLLATE=utf8mb4_general_ci;

--
-- Dumping data for table `user_login`
--

INSERT INTO `user_login` (`id`, `name`, `password`, `access`) VALUES
('12001', 'Student_1B_01', 'student@123', 0),
('12002', 'Student_1B_02', 'student@123', 0),
('12003', 'Student_1B_03', 'student@123', 0),
('12004', 'Student_1B_04', 'student@123', 0),
('12005', 'Student_1B_05', 'student@123', 0),
('12006', 'Student_1B_06', 'student@123', 0),
('12007', 'Student_1B_07', 'student@123', 0),
('12008', 'Student_1B_08', 'student@123', 0),
('12009', 'Student_1B_09', 'student@123', 0),
('12010', 'Student_1B_10', 'student@123', 0),
('12011', 'Student_1C_01', 'student@123', 0),
('12012', 'Student_1C_02', 'student@123', 0),
('12013', 'Student_1C_03', 'student@123', 0),
('12014', 'Student_1C_04', 'student@123', 0),
('12015', 'Student_1C_05', 'student@123', 0),
('12016', 'Student_1C_06', 'student@123', 0),
('12017', 'Student_1C_07', 'student@123', 0),
('12018', 'Student_1C_08', 'student@123', 0),
('12019', 'Student_1C_09', 'student@123', 0),
('12020', 'Student_1C_10', 'student@123', 0),
('12021', 'Student_1D_01', 'student@123', 0),
('12022', 'Student_1D_02', 'student@123', 0),
('12023', 'Student_1D_03', 'student@123', 0),
('12024', 'Student_1D_04', 'student@123', 0),
('12025', 'Student_1D_05', 'student@123', 0),
('12026', 'Student_1D_06', 'student@123', 0),
('12027', 'Student_1D_07', 'student@123', 0),
('12028', 'Student_1D_08', 'student@123', 0),
('12029', 'Student_1D_09', 'student@123', 0),
('12030', 'Student_1D_10', 'student@123', 0),
('12031', 'Student_2A_01', 'student@123', 0),
('12032', 'Student_2A_02', 'student@123', 0),
('12033', 'Student_2A_03', 'student@123', 0),
('12034', 'Student_2A_04', 'student@123', 0),
('12035', 'Student_2A_05', 'student@123', 0),
('12036', 'Student_2A_06', 'student@123', 0),
('12037', 'Student_2A_07', 'student@123', 0),
('12038', 'Student_2A_08', 'student@123', 0),
('12039', 'Student_2A_09', 'student@123', 0),
('12040', 'Student_2A_10', 'student@123', 0),
('12041', 'Student_2B_01', 'student@123', 0),
('12042', 'Student_2B_02', 'student@123', 0),
('12043', 'Student_2B_03', 'student@123', 0),
('12044', 'Student_2B_04', 'student@123', 0),
('12045', 'Student_2B_05', 'student@123', 0),
('12046', 'Student_2B_06', 'student@123', 0),
('12047', 'Student_2B_07', 'student@123', 0),
('12048', 'Student_2B_08', 'student@123', 0),
('12049', 'Student_2B_09', 'student@123', 0),
('12050', 'Student_2B_10', 'student@123', 0),
('12051', 'Student_2C_01', 'student@123', 0),
('12052', 'Student_2C_02', 'student@123', 0),
('12053', 'Student_2C_03', 'student@123', 0),
('12054', 'Student_2C_04', 'student@123', 0),
('12055', 'Student_2C_05', 'student@123', 0),
('12056', 'Student_2C_06', 'student@123', 0),
('12057', 'Student_2C_07', 'student@123', 0),
('12058', 'Student_2C_08', 'student@123', 0),
('12059', 'Student_2C_09', 'student@123', 0),
('12060', 'Student_2C_10', 'student@123', 0),
('12061', 'Student_2D_01', 'student@123', 0),
('12062', 'Student_2D_02', 'student@123', 0),
('12063', 'Student_2D_03', 'student@123', 0),
('12064', 'Student_2D_04', 'student@123', 0),
('12065', 'Student_2D_05', 'student@123', 0),
('12066', 'Student_2D_06', 'student@123', 0),
('12067', 'Student_2D_07', 'student@123', 0),
('12068', 'Student_2D_08', 'student@123', 0),
('12069', 'Student_2D_09', 'student@123', 0),
('12070', 'Student_2D_10', 'student@123', 0),
('12071', 'Student_3A_01', 'student@123', 0),
('12072', 'Student_3A_02', 'student@123', 0),
('12073', 'Student_3A_03', 'student@123', 0),
('12074', 'Student_3A_04', 'student@123', 0),
('12075', 'Student_3A_05', 'student@123', 0),
('12076', 'Student_3A_06', 'student@123', 0),
('12077', 'Student_3A_07', 'student@123', 0),
('12078', 'Student_3A_08', 'student@123', 0),
('12079', 'Student_3A_09', 'student@123', 0),
('12080', 'Student_3A_10', 'student@123', 0),
('12081', 'Student_3B_01', 'student@123', 0),
('12082', 'Student_3B_02', 'student@123', 0),
('12083', 'Student_3B_03', 'student@123', 0),
('12084', 'Student_3B_04', 'student@123', 0),
('12085', 'Student_3B_05', 'student@123', 0),
('12086', 'Student_3B_06', 'student@123', 0),
('12087', 'Student_3B_07', 'student@123', 0),
('12088', 'Student_3B_08', 'student@123', 0),
('12089', 'Student_3B_09', 'student@123', 0),
('12090', 'Student_3B_10', 'student@123', 0),
('12091', 'Student_3C_01', 'student@123', 0),
('12092', 'Student_3C_02', 'student@123', 0),
('12093', 'Student_3C_03', 'student@123', 0),
('12094', 'Student_3C_04', 'student@123', 0),
('12095', 'Student_3C_05', 'student@123', 0),
('12096', 'Student_3C_06', 'student@123', 0),
('12097', 'Student_3C_07', 'student@123', 0),
('12098', 'Student_3C_08', 'student@123', 0),
('12099', 'Student_3C_09', 'student@123', 0),
('12100', 'Student_3C_10', 'student@123', 0),
('12101', 'Student_3D_01', 'student@123', 0),
('12102', 'Student_3D_02', 'student@123', 0),
('12103', 'Student_3D_03', 'student@123', 0),
('12104', 'Student_3D_04', 'student@123', 0),
('12105', 'Student_3D_05', 'student@123', 0),
('12106', 'Student_3D_06', 'student@123', 0),
('12107', 'Student_3D_07', 'student@123', 0),
('12108', 'Student_3D_08', 'student@123', 0),
('12109', 'Student_3D_09', 'student@123', 0),
('12110', 'Student_3D_10', 'student@123', 0),
('12111', 'Student_4A_01', 'student@123', 0),
('12112', 'Student_4A_02', 'student@123', 0),
('12113', 'Student_4A_03', 'student@123', 0),
('12114', 'Student_4A_04', 'student@123', 0),
('12115', 'Student_4A_05', 'student@123', 0),
('12116', 'Student_4A_06', 'student@123', 0),
('12117', 'Student_4A_07', 'student@123', 0),
('12118', 'Student_4A_08', 'student@123', 0),
('12119', 'Student_4A_09', 'student@123', 0),
('12120', 'Student_4A_10', 'student@123', 0),
('12121', 'Student_4B_01', 'student@123', 0),
('12122', 'Student_4B_02', 'student@123', 0),
('12123', 'Student_4B_03', 'student@123', 0),
('12124', 'Student_4B_04', 'student@123', 0),
('12125', 'Student_4B_05', 'student@123', 0),
('12126', 'Student_4B_06', 'student@123', 0),
('12127', 'Student_4B_07', 'student@123', 0),
('12128', 'Student_4B_08', 'student@123', 0),
('12129', 'Student_4B_09', 'student@123', 0),
('12130', 'Student_4B_10', 'student@123', 0),
('12131', 'Student_4C_01', 'student@123', 0),
('12132', 'Student_4C_02', 'student@123', 0),
('12133', 'Student_4C_03', 'student@123', 0),
('12134', 'Student_4C_04', 'student@123', 0),
('12135', 'Student_4C_05', 'student@123', 0),
('12136', 'Student_4C_06', 'student@123', 0),
('12137', 'Student_4C_07', 'student@123', 0),
('12138', 'Student_4C_08', 'student@123', 0),
('12139', 'Student_4C_09', 'student@123', 0),
('12140', 'Student_4C_10', 'student@123', 0),
('12141', 'Student_4D_01', 'student@123', 0),
('12142', 'Student_4D_02', 'student@123', 0),
('12143', 'Student_4D_03', 'student@123', 0),
('12144', 'Student_4D_04', 'student@123', 0),
('12145', 'Student_4D_05', 'student@123', 0),
('12146', 'Student_4D_06', 'student@123', 0),
('12147', 'Student_4D_07', 'student@123', 0),
('12148', 'Student_4D_08', 'student@123', 0),
('12149', 'Student_4D_09', 'student@123', 0),
('12150', 'Student_4D_10', 'student@123', 0),
('12151', 'Student_5A_01', 'student@123', 0),
('12152', 'Student_5A_02', 'student@123', 0),
('12153', 'Student_5A_03', 'student@123', 0),
('12154', 'Student_5A_04', 'student@123', 0),
('12155', 'Student_5A_05', 'student@123', 0),
('12156', 'Student_5A_06', 'student@123', 0),
('12157', 'Student_5A_07', 'student@123', 0),
('12158', 'Student_5A_08', 'student@123', 0),
('12159', 'Student_5A_09', 'student@123', 0),
('12160', 'Student_5A_10', 'student@123', 0),
('12161', 'Student_5B_01', 'student@123', 0),
('12162', 'Student_5B_02', 'student@123', 0),
('12163', 'Student_5B_03', 'student@123', 0),
('12164', 'Student_5B_04', 'student@123', 0),
('12165', 'Student_5B_05', 'student@123', 0),
('12166', 'Student_5B_06', 'student@123', 0),
('12167', 'Student_5B_07', 'student@123', 0),
('12168', 'Student_5B_08', 'student@123', 0),
('12169', 'Student_5B_09', 'student@123', 0),
('12170', 'Student_5B_10', 'student@123', 0),
('12171', 'Student_5C_01', 'student@123', 0),
('12172', 'Student_5C_02', 'student@123', 0),
('12173', 'Student_5C_03', 'student@123', 0),
('12174', 'Student_5C_04', 'student@123', 0),
('12175', 'Student_5C_05', 'student@123', 0),
('12176', 'Student_5C_06', 'student@123', 0),
('12177', 'Student_5C_07', 'student@123', 0),
('12178', 'Student_5C_08', 'student@123', 0),
('12179', 'Student_5C_09', 'student@123', 0),
('12180', 'Student_5C_10', 'student@123', 0),
('12181', 'Student_5D_01', 'student@123', 0),
('12182', 'Student_5D_02', 'student@123', 0),
('12183', 'Student_5D_03', 'student@123', 0),
('12184', 'Student_5D_04', 'student@123', 0),
('12185', 'Student_5D_05', 'student@123', 0),
('12186', 'Student_5D_06', 'student@123', 0),
('12187', 'Student_5D_07', 'student@123', 0),
('12188', 'Student_5D_08', 'student@123', 0),
('12189', 'Student_5D_09', 'student@123', 0),
('12190', 'Student_5D_10', 'student@123', 0),
('2017115610', 'Zamp', 'Zamp', 1),
('2017115611', 'Viswaprasad', 'Viswa#2000', 0),
('T001', 'Teacher 1', 'pass', 1),
('T002', 'Teacher 2', 'pass', 1),
('T003', 'Teacher 3', 'pass', 1),
('T004', 'Teacher 4', 'pass', 1),
('T005', 'Teacher 5', 'pass', 1),
('T006', 'Teacher 6', 'pass', 1),
('T007', 'Teacher 7', 'pass', 1),
('T008', 'Teacher 8', 'pass', 1),
('T009', 'Teacher 9', 'pass', 1),
('T010', 'Teacher 10', 'pass', 1);

--
-- Indexes for dumped tables
--

--
-- Indexes for table `attendance`
--
ALTER TABLE `attendance`
  ADD PRIMARY KEY (`id`,`date`),
  ADD KEY `idx_attendance_student_date` (`id`,`date`);

--
-- Indexes for table `class_sections`
--
ALTER TABLE `class_sections`
  ADD PRIMARY KEY (`id`),
  ADD UNIQUE KEY `standard` (`standard`,`section`);

--
-- Indexes for table `class_subjects`
--
ALTER TABLE `class_subjects`
  ADD PRIMARY KEY (`id`),
  ADD UNIQUE KEY `class_section_id` (`class_section_id`,`subject_id`),
  ADD KEY `subject_id` (`subject_id`);

--
-- Indexes for table `exams`
--
ALTER TABLE `exams`
  ADD PRIMARY KEY (`exam_id`);

--
-- Indexes for table `homeworks`
--
ALTER TABLE `homeworks`
  ADD PRIMARY KEY (`id`),
  ADD KEY `fk_homework_teacher` (`teacher_id`);

--
-- Indexes for table `marks`
--
ALTER TABLE `marks`
  ADD PRIMARY KEY (`id`,`subjectName`,`testName`);

--
-- Indexes for table `marks_details`
--
ALTER TABLE `marks_details`
  ADD PRIMARY KEY (`id`),
  ADD UNIQUE KEY `mark_id` (`mark_id`,`subject_id`),
  ADD KEY `fk_md_subject` (`subject_id`);

--
-- Indexes for table `marks_master`
--
ALTER TABLE `marks_master`
  ADD PRIMARY KEY (`mark_id`),
  ADD UNIQUE KEY `exam_id` (`exam_id`,`student_id`),
  ADD KEY `fk_mm_student` (`student_id`);

--
-- Indexes for table `student_info`
--
ALTER TABLE `student_info`
  ADD PRIMARY KEY (`id`);

--
-- Indexes for table `subjects`
--
ALTER TABLE `subjects`
  ADD PRIMARY KEY (`id`);

--
-- Indexes for table `teacher_info`
--
ALTER TABLE `teacher_info`
  ADD PRIMARY KEY (`teacher_id`);

--
-- Indexes for table `teacher_subject_allocation`
--
ALTER TABLE `teacher_subject_allocation`
  ADD PRIMARY KEY (`id`),
  ADD KEY `idx_teacher_subject` (`teacher_id`,`subject_name`);

--
-- Indexes for table `user_login`
--
ALTER TABLE `user_login`
  ADD PRIMARY KEY (`id`);

--
-- AUTO_INCREMENT for dumped tables
--

--
-- AUTO_INCREMENT for table `class_sections`
--
ALTER TABLE `class_sections`
  MODIFY `id` int(11) NOT NULL AUTO_INCREMENT, AUTO_INCREMENT=7;

--
-- AUTO_INCREMENT for table `class_subjects`
--
ALTER TABLE `class_subjects`
  MODIFY `id` int(11) NOT NULL AUTO_INCREMENT, AUTO_INCREMENT=29;

--
-- AUTO_INCREMENT for table `exams`
--
ALTER TABLE `exams`
  MODIFY `exam_id` int(11) NOT NULL AUTO_INCREMENT, AUTO_INCREMENT=4;

--
-- AUTO_INCREMENT for table `homeworks`
--
ALTER TABLE `homeworks`
  MODIFY `id` int(11) NOT NULL AUTO_INCREMENT, AUTO_INCREMENT=9;

--
-- AUTO_INCREMENT for table `marks_details`
--
ALTER TABLE `marks_details`
  MODIFY `id` int(11) NOT NULL AUTO_INCREMENT, AUTO_INCREMENT=16;

--
-- AUTO_INCREMENT for table `marks_master`
--
ALTER TABLE `marks_master`
  MODIFY `mark_id` int(11) NOT NULL AUTO_INCREMENT, AUTO_INCREMENT=11;

--
-- AUTO_INCREMENT for table `subjects`
--
ALTER TABLE `subjects`
  MODIFY `id` int(11) NOT NULL AUTO_INCREMENT, AUTO_INCREMENT=9;

--
-- AUTO_INCREMENT for table `teacher_subject_allocation`
--
ALTER TABLE `teacher_subject_allocation`
  MODIFY `id` int(11) NOT NULL AUTO_INCREMENT, AUTO_INCREMENT=54;

--
-- Constraints for dumped tables
--

--
-- Constraints for table `class_subjects`
--
ALTER TABLE `class_subjects`
  ADD CONSTRAINT `class_subjects_ibfk_1` FOREIGN KEY (`class_section_id`) REFERENCES `class_sections` (`id`),
  ADD CONSTRAINT `class_subjects_ibfk_2` FOREIGN KEY (`subject_id`) REFERENCES `subjects` (`id`);

--
-- Constraints for table `homeworks`
--
ALTER TABLE `homeworks`
  ADD CONSTRAINT `fk_homework_teacher` FOREIGN KEY (`teacher_id`) REFERENCES `user_login` (`id`) ON DELETE CASCADE ON UPDATE CASCADE;

--
-- Constraints for table `marks_details`
--
ALTER TABLE `marks_details`
  ADD CONSTRAINT `fk_md_mark` FOREIGN KEY (`mark_id`) REFERENCES `marks_master` (`mark_id`) ON DELETE CASCADE,
  ADD CONSTRAINT `fk_md_subject` FOREIGN KEY (`subject_id`) REFERENCES `subjects` (`id`) ON DELETE CASCADE;

--
-- Constraints for table `marks_master`
--
ALTER TABLE `marks_master`
  ADD CONSTRAINT `fk_mm_exam` FOREIGN KEY (`exam_id`) REFERENCES `exams` (`exam_id`) ON DELETE CASCADE,
  ADD CONSTRAINT `fk_mm_student` FOREIGN KEY (`student_id`) REFERENCES `student_info` (`id`) ON DELETE CASCADE;
COMMIT;

/*!40101 SET CHARACTER_SET_CLIENT=@OLD_CHARACTER_SET_CLIENT */;
/*!40101 SET CHARACTER_SET_RESULTS=@OLD_CHARACTER_SET_RESULTS */;
/*!40101 SET COLLATION_CONNECTION=@OLD_COLLATION_CONNECTION */;
